CustomerID,PersonID,StoreID,TerritoryID,AccountNumber,rowguid,ModifiedDate
1,NULL,934,1,AW00000001,3f5ae95e-b87d-4aed-95b4-c3797afcb74f,2014-09-12 11:15:07.263
2,NULL,1028,1,AW00000002,e552f657-a9af-4a7d-a645-c429d6e02491,2014-09-12 11:15:07.263
3,NULL,642,4,AW00000003,130774b1-db21-4ef3-98c8-c104bcd6ed6d,2014-09-12 11:15:07.263
4,NULL,932,4,AW00000004,ff862851-1daa-4044-be7c-3e85583c054d,2014-09-12 11:15:07.263
5,NULL,1026,4,AW00000005,83905bdc-6f5e-4f71-b162-c98da069f38a,2014-09-12 11:15:07.263
6,NULL,644,4,AW00000006,1a92df88-bfa2-467d-bd54-fcb9e647fdd7,2014-09-12 11:15:07.263
7,NULL,930,1,AW00000007,03e9273e-b193-448e-9823-fe0c44aeed78,2014-09-12 11:15:07.263
8,NULL,1024,5,AW00000008,801368b1-4323-4bfa-8bea-5b5b1e4bd4a0,2014-09-12 11:15:07.263
9,NULL,620,5,AW00000009,b900bb7f-23c3-481d-80da-c49a5bd6f772,2014-09-12 11:15:07.263
10,NULL,928,6,AW00000010,cdb6698d-2ff1-4fba-8f22-60ad1d11dabd,2014-09-12 11:15:07.263
11,NULL,1022,6,AW00000011,750f3495-59c4-48a0-80e1-e37ec60e77d9,2014-09-12 11:15:07.263
12,NULL,622,6,AW00000012,947bcaf1-1f32-44f3-b9c3-0011f95fbe54,2014-09-12 11:15:07.263
13,NULL,434,7,AW00000013,b0fa5854-2511-439b-a7ac-50c9c460b175,2014-09-12 11:15:07.263
14,NULL,1020,8,AW00000014,2f96bedc-723d-468f-834b-b2b8ae79c849,2014-09-12 11:15:07.263
15,NULL,624,9,AW00000015,0340737b-d4fa-4795-93aa-caeb8371bcf9,2014-09-12 11:15:07.263
16,NULL,432,10,AW00000016,c9381589-d31c-4efe-8978-8d3449eb1f0f,2014-09-12 11:15:07.263
17,NULL,1018,5,AW00000017,34db417f-1e0b-4408-9ff6-987e59d0d73c,2014-09-12 11:15:07.263
18,NULL,1332,3,AW00000018,c04d6b4d-94c6-4c5c-a44c-b449c0ac1b45,2014-09-12 11:15:07.263
19,NULL,430,1,AW00000019,69ae5d43-31be-4b76-bfbb-5a23c4788bbc,2014-09-12 11:15:07.263
20,NULL,1016,1,AW00000020,e010c10a-f1c3-4bba-81ca-a7e083350400,2014-09-12 11:15:07.263
21,NULL,1334,4,AW00000021,564e0b42-4609-43de-9881-914da433d82d,2014-09-12 11:15:07.263
22,NULL,494,3,AW00000022,9774aed6-d673-412d-b481-2573e470b478,2014-09-12 11:15:07.263
23,NULL,1014,4,AW00000023,733f8250-3251-4c2a-8c85-c285bb76b7b4,2014-09-12 11:15:07.263
24,NULL,1336,4,AW00000024,c111e51d-178d-4dbd-a6ff-f1ccbf4b1aad,2014-09-12 11:15:07.263
25,NULL,492,4,AW00000025,31d03546-fb2a-4488-890e-4709a659e3f0,2014-09-12 11:15:07.263
26,NULL,1012,5,AW00000026,fd4898de-d128-4719-8c74-9f77605aac4a,2014-09-12 11:15:07.263
27,NULL,1338,5,AW00000027,caca5149-d799-473b-847f-83f3613d3d1f,2014-09-12 11:15:07.263
28,NULL,490,6,AW00000028,9b8a04a4-d909-4f49-b1c5-3de317d69b2a,2014-09-12 11:15:07.263
29,NULL,1010,6,AW00000029,eca7c8fa-490b-4b97-9c32-043c90f789e8,2014-09-12 11:15:07.263
30,NULL,1340,6,AW00000030,2b15dfb1-831e-49e7-b337-395798b129e7,2014-09-12 11:15:07.263
31,NULL,942,7,AW00000031,effa209a-a110-4f94-887d-e50e44fb06ea,2014-09-12 11:15:07.263
32,NULL,1008,8,AW00000032,b9a28813-542a-4fbf-ae79-bad64a5e133b,2014-09-12 11:15:07.263
33,NULL,1342,9,AW00000033,e6d92b96-fa82-41c0-8945-66a8a5ec017b,2014-09-12 11:15:07.263
34,NULL,940,10,AW00000034,9edda794-7862-4ff4-b8e2-528847cab2bd,2014-09-12 11:15:07.263
35,NULL,1006,2,AW00000035,8d74b6b9-6c96-44a5-bec4-0e9736d191be,2014-09-12 11:15:07.263
36,NULL,1344,2,AW00000036,53c0491d-8ae8-4b16-a830-2078fddf46ad,2014-09-12 11:15:07.263
37,NULL,938,1,AW00000037,c6ebb29a-cc67-459c-90e3-339e0f912906,2014-09-12 11:15:07.263
38,NULL,1004,1,AW00000038,e5eda3f3-4ef1-4806-bd36-e61f3cb2e044,2014-09-12 11:15:07.263
39,NULL,1346,3,AW00000039,6808b1ed-3c9a-401d-b284-9ac31166d9eb,2014-09-12 11:15:07.263
40,NULL,936,4,AW00000040,aa5e28f6-16c8-4d80-894e-17531f2cf972,2014-09-12 11:15:07.263
41,NULL,1002,4,AW00000041,e1ba20ed-da19-4392-a8a8-c2e670438ffb,2014-09-12 11:15:07.263
42,NULL,1348,4,AW00000042,64acd300-337d-4d39-a2c4-fd5972611934,2014-09-12 11:15:07.263
43,NULL,1290,1,AW00000043,9e449d3e-5d79-4f65-a4f1-10dd3b0e0766,2014-09-12 11:15:07.263
44,NULL,1000,5,AW00000044,fb4b073c-6b38-4233-83fe-4236558f4754,2014-09-12 11:15:07.263
45,NULL,1350,5,AW00000045,b50043ed-c66b-4130-bebc-07d413043991,2014-09-12 11:15:07.263
46,NULL,1288,6,AW00000046,21849ecf-88c2-4574-89d5-397b84df1d0f,2014-09-12 11:15:07.263
47,NULL,998,6,AW00000047,0d9abe85-d952-432d-831a-8beb7f4e49d0,2014-09-12 11:15:07.263
48,NULL,1352,6,AW00000048,e656589a-198f-454f-b02f-9ce324457bdf,2014-09-12 11:15:07.263
49,NULL,1286,7,AW00000049,f3dfa401-85c6-4118-b5c5-6554310a1192,2014-09-12 11:15:07.263
50,NULL,996,8,AW00000050,0a3e846a-2dcc-4b6e-8ab3-968b5ab859f4,2014-09-12 11:15:07.263
51,NULL,1354,9,AW00000051,e4c69e3e-be4b-4dcd-b2f0-1237b391bc44,2014-09-12 11:15:07.263
52,NULL,1284,10,AW00000052,8fb34b30-b19d-4aec-b02e-f1be942800e5,2014-09-12 11:15:07.263
53,NULL,994,2,AW00000053,81d3b740-dcf1-4f23-a5e3-d81353280016,2014-09-12 11:15:07.263
54,NULL,1356,2,AW00000054,123b3ebf-4eb0-442a-8482-a4e001cccf89,2014-09-12 11:15:07.263
55,NULL,1282,1,AW00000055,f5d3997b-ad06-46a0-94af-a4460f4be471,2014-09-12 11:15:07.263
56,NULL,992,1,AW00000056,570b1682-9bb1-4359-984d-8f728e3d6973,2014-09-12 11:15:07.263
57,NULL,1358,3,AW00000057,7ff17923-e670-4f42-87a3-a6d1af18ea05,2014-09-12 11:15:07.263
58,NULL,1280,3,AW00000058,e324fee8-1ee7-4b96-854e-cfda7b0cbbc8,2014-09-12 11:15:07.263
59,NULL,990,4,AW00000059,60708606-604c-44be-90e1-3a0925b8060e,2014-09-12 11:15:07.263
60,NULL,1360,4,AW00000060,a029f31e-433b-4fa4-b442-b291d16a1b9f,2014-09-12 11:15:07.263
61,NULL,1278,4,AW00000061,ccc53b43-66a6-47f6-a38e-5dd7cfafeaa6,2014-09-12 11:15:07.263
62,NULL,988,5,AW00000062,359bb644-407d-4c24-ab98-e637aee7c81e,2014-09-12 11:15:07.263
63,NULL,1362,5,AW00000063,76e2e4c3-b1ba-4cb2-b410-a4d48ba886e5,2014-09-12 11:15:07.263
64,NULL,1276,6,AW00000064,e6b6f92d-4ac6-4bc7-bf6b-2f3c67498de7,2014-09-12 11:15:07.263
65,NULL,986,6,AW00000065,7e082443-8af6-4bb6-a0f5-1586271d1f2c,2014-09-12 11:15:07.263
66,NULL,782,6,AW00000066,e91e0048-9a25-489b-96c1-d726da68fb7c,2014-09-12 11:15:07.263
67,NULL,1274,7,AW00000067,51ce3843-fc98-453e-8cf1-7ea145235d0f,2014-09-12 11:15:07.263
68,NULL,532,8,AW00000068,2138def5-80eb-4d95-b340-706bcd60adda,2014-09-12 11:15:07.263
69,NULL,784,9,AW00000069,64841b37-3a25-416a-a129-e9aaa2eff4cd,2014-09-12 11:15:07.263
70,NULL,1272,10,AW00000070,89e10b04-064e-4313-8203-91fa98a01b11,2014-09-12 11:15:07.263
71,NULL,530,2,AW00000071,91cc8ac7-27e5-437c-b940-db47692754d3,2014-09-12 11:15:07.263
72,NULL,786,2,AW00000072,0da3081d-fdc7-4005-b77d-e5afd8c15de6,2014-09-12 11:15:07.263
73,NULL,1270,1,AW00000073,9d5c135e-bd60-46e0-b371-843391637827,2014-09-12 11:15:07.263
74,NULL,528,1,AW00000074,73485e57-076d-4b10-bb48-6043dd873582,2014-09-12 11:15:07.263
75,NULL,788,4,AW00000075,55cfed0e-1a7b-409c-9aff-297065965870,2014-09-12 11:15:07.263
76,NULL,1268,3,AW00000076,5227d299-b05e-4d6c-a1c9-da63154869ba,2014-09-12 11:15:07.263
77,NULL,556,4,AW00000077,b3f9113c-8fce-47e1-9f04-38a0c68917c6,2014-09-12 11:15:07.263
78,NULL,790,4,AW00000078,8c8083ab-7943-44fa-b1ad-8e3abd5d66ee,2014-09-12 11:15:07.263
79,NULL,1266,3,AW00000079,010d8aa6-ceba-4097-9e67-3b2a9674fd5f,2014-09-12 11:15:07.263
80,NULL,554,5,AW00000080,98dcb8c4-e7c0-43e7-b429-2cb4d8a8d90d,2014-09-12 11:15:07.263
81,NULL,792,5,AW00000081,e25e3769-cadc-4da6-9120-09c3b2205475,2014-09-12 11:15:07.263
82,NULL,1264,6,AW00000082,92618ece-2254-4852-b3b3-46ed2e0e3e1a,2014-09-12 11:15:07.263
83,NULL,552,6,AW00000083,8e01f170-64d3-4b74-82e1-d1691ae9f37c,2014-09-12 11:15:07.263
84,NULL,794,6,AW00000084,45a614ce-3137-4a12-8296-24048c18f320,2014-09-12 11:15:07.263
85,NULL,1262,7,AW00000085,b44000f5-901b-4134-979d-f9a9bea5a598,2014-09-12 11:15:07.263
86,NULL,636,8,AW00000086,2a8b2702-4644-4002-90e4-99a8adba5261,2014-09-12 11:15:07.263
87,NULL,796,9,AW00000087,07fb8b21-fb06-49f8-8cd5-9956273cd78a,2014-09-12 11:15:07.263
88,NULL,1260,10,AW00000088,11feda31-15b6-4f08-9357-355371d4d928,2014-09-12 11:15:07.263
89,NULL,634,2,AW00000089,a34fe994-1098-439f-a042-ee670bf2fa33,2014-09-12 11:15:07.263
90,NULL,798,5,AW00000090,6fc7d1f9-11e6-4574-90b3-7aa6ffc1ebd9,2014-09-12 11:15:07.263
91,NULL,1258,1,AW00000091,9f314fc3-9644-4412-a90a-5483f75f665b,2014-09-12 11:15:07.263
92,NULL,632,1,AW00000092,672412c3-5d5d-488b-b176-e3dafad05d70,2014-09-12 11:15:07.263
93,NULL,800,4,AW00000093,249b42c2-8eae-49f1-a560-a90837748654,2014-09-12 11:15:07.263
94,NULL,1256,4,AW00000094,65be08da-dfb7-4bc8-aa5c-fad98b82524e,2014-09-12 11:15:07.263
95,NULL,630,4,AW00000095,ea0bc621-9466-4f04-bbff-3b361c6f9057,2014-09-12 11:15:07.263
96,NULL,1308,4,AW00000096,bac5b4da-00b0-4bf1-816a-1e39f676bf9b,2014-09-12 11:15:07.263
97,NULL,1254,4,AW00000097,355eb5d8-6b4c-4fff-b12b-40f89ca4e31d,2014-09-12 11:15:07.263
98,NULL,734,5,AW00000098,7d37485d-a4cf-4c08-8d3c-364deec7c841,2014-09-12 11:15:07.263
99,NULL,1310,5,AW00000099,8583a63e-3459-44c7-8736-a92e0a7135f2,2014-09-12 11:15:07.263
100,NULL,1252,6,AW00000100,e789f6dd-3159-4ddc-81a8-8571c571656e,2014-09-12 11:15:07.263
101,NULL,732,6,AW00000101,67ad4f37-2467-4438-a749-d947beec3a92,2014-09-12 11:15:07.263
102,NULL,1312,6,AW00000102,959cf74b-1004-43f5-9ab7-4cdd482c847d,2014-09-12 11:15:07.263
103,NULL,1894,7,AW00000103,22390e6f-ac5f-4ded-8ee5-91c1302c7fa2,2014-09-12 11:15:07.263
104,NULL,730,8,AW00000104,ffbe0510-53be-46d9-9406-63afee95de3a,2014-09-12 11:15:07.263
105,NULL,1314,9,AW00000105,f9387ea3-ef35-49b2-b535-e02368d2c0fd,2014-09-12 11:15:07.263
106,NULL,1892,10,AW00000106,aafbf7d5-8759-4962-9deb-77c6e22875f4,2014-09-12 11:15:07.263
107,NULL,728,2,AW00000107,9522ca57-0246-496a-ae49-d9821cd67817,2014-09-12 11:15:07.263
108,NULL,1316,2,AW00000108,d1e756e0-a0d1-43d6-a7cb-ac5c5ef404e7,2014-09-12 11:15:07.263
109,NULL,1890,1,AW00000109,7585790b-6034-4520-a383-9fa1e8b3e76e,2014-09-12 11:15:07.263
110,NULL,1888,1,AW00000110,82c2f3f0-63b8-46cc-aedc-3a856956ef04,2014-09-12 11:15:07.263
111,NULL,726,3,AW00000111,0122151a-9140-4663-a3eb-a442d88bc1bb,2014-09-12 11:15:07.263
112,NULL,1318,4,AW00000112,5035e4d6-3758-4fa6-a462-2e2ecf52e6f0,2014-09-12 11:15:07.263
113,NULL,1886,4,AW00000113,8a84966c-5d38-41ca-990f-ad107558a6b8,2014-09-12 11:15:07.263
114,NULL,724,4,AW00000114,bcc5ae61-8214-44a1-a43c-fbd65c3745ae,2014-09-12 11:15:07.263
115,NULL,1320,1,AW00000115,080f7047-8396-4cec-ab43-56cf41de4e00,2014-09-12 11:15:07.263
116,NULL,1884,5,AW00000116,061c4697-f808-4c31-823e-5e8e60efe0aa,2014-09-12 11:15:07.263
117,NULL,722,5,AW00000117,18406109-f4ac-4f30-a96f-4e056996de56,2014-09-12 11:15:07.263
118,NULL,1322,6,AW00000118,5feafbd2-4a43-4641-8e94-b3059b2a882e,2014-09-12 11:15:07.263
119,NULL,1882,6,AW00000119,d13245ef-8267-4cb4-87c9-c23155d33e93,2014-09-12 11:15:07.263
120,NULL,720,6,AW00000120,25863c18-4c9a-4bc9-be0d-95f4cf67bf7d,2014-09-12 11:15:07.263
121,NULL,1324,7,AW00000121,7472ff87-0fbc-4d1f-b599-d47b51b41cf0,2014-09-12 11:15:07.263
122,NULL,1880,8,AW00000122,094eb96d-d265-474d-869e-d9bace4745a7,2014-09-12 11:15:07.263
123,NULL,718,9,AW00000123,bc0a8115-7e8f-4faa-947f-fd315c30250d,2014-09-12 11:15:07.263
124,NULL,1326,10,AW00000124,2f614c31-abae-42d0-820b-193f0ddc811e,2014-09-12 11:15:07.263
125,NULL,1878,2,AW00000125,69af6e37-ead1-4fbd-82f0-61ce3b35f943,2014-09-12 11:15:07.263
126,NULL,716,2,AW00000126,b03efe01-3333-4805-9913-99323c143526,2014-09-12 11:15:07.263
127,NULL,1328,1,AW00000127,ef55103f-acc7-4bfd-89b1-20a04845e706,2014-09-12 11:15:07.263
128,NULL,1876,1,AW00000128,03f73e74-8de5-421e-b5af-04b259268dd6,2014-09-12 11:15:07.263
129,NULL,714,3,AW00000129,e03db34c-bf17-407d-9423-fa22dbfdd292,2014-09-12 11:15:07.263
130,NULL,1330,4,AW00000130,606ecdc2-6443-4e4b-897f-32d4c17ab894,2014-09-12 11:15:07.263
131,NULL,1874,4,AW00000131,ed0df7cc-6234-4d60-8b81-315c019f5356,2014-09-12 11:15:07.263
132,NULL,712,3,AW00000132,7649e8af-3dab-43aa-b7df-9776f84dfb71,2014-09-12 11:15:07.263
133,NULL,978,4,AW00000133,4f61574b-8353-42ec-825c-87896e6e16a4,2014-09-12 11:15:07.263
134,NULL,1872,5,AW00000134,fd0d8467-48d9-42b8-a4e6-dabc96f58925,2014-09-12 11:15:07.263
135,NULL,710,5,AW00000135,dffd552f-30e0-488a-ac07-83c9a7b075c7,2014-09-12 11:15:07.263
136,NULL,980,6,AW00000136,84cd4767-f142-4d9d-9033-ad3ade34bf74,2014-09-12 11:15:07.263
137,NULL,418,6,AW00000137,d6a1aee7-25ef-4417-ab10-65bc21661864,2014-09-12 11:15:07.263
138,NULL,708,6,AW00000138,91b9ef4b-2fa8-4936-ac71-1fa1b3624d12,2014-09-12 11:15:07.263
139,NULL,982,7,AW00000139,23a1a3e2-16f0-40aa-87d4-f4ae97d12581,2014-09-12 11:15:07.263
140,NULL,416,8,AW00000140,01cd7e33-edd0-46a9-8505-f3e85d9f21f4,2014-09-12 11:15:07.263
141,NULL,706,9,AW00000141,e0b29cc8-066d-4f7f-98c3-0f5136bb85d9,2014-09-12 11:15:07.263
142,NULL,984,10,AW00000142,b821d13f-e9db-4a3b-87d0-7e867a161575,2014-09-12 11:15:07.263
143,NULL,520,2,AW00000143,95e93efe-78e9-470c-b4a7-4dd6a5d0f14b,2014-09-12 11:15:07.263
144,NULL,704,2,AW00000144,53c1a4ac-2de2-4ab5-808f-523be758ad29,2014-09-12 11:15:07.263
145,NULL,522,1,AW00000145,fec5609d-042b-4480-b1ba-55f2d4107327,2014-09-12 11:15:07.263
146,NULL,518,1,AW00000146,5475e9dd-98ca-4989-b7a2-3fc929beea12,2014-09-12 11:15:07.263
147,NULL,702,3,AW00000147,03836a0b-7ad8-4115-8d23-6efa0d8deea1,2014-09-12 11:15:07.263
148,NULL,524,3,AW00000148,79355855-a002-4393-bb6e-36f90913fa4d,2014-09-12 11:15:07.263
149,NULL,516,3,AW00000149,baa99d94-2fc2-4a1c-8b67-2c3210eb90c3,2014-09-12 11:15:07.263
150,NULL,700,4,AW00000150,285c5dd7-75d6-460d-97ba-aa86d86637c0,2014-09-12 11:15:07.263
151,NULL,526,4,AW00000151,7f2891f7-dd88-470b-95ae-cc9a7d732b1f,2014-09-12 11:15:07.263
152,NULL,650,5,AW00000152,e07b697e-74c1-4f52-818f-32531696f7ab,2014-09-12 11:15:07.263
153,NULL,514,5,AW00000153,10c2da66-32a2-4c63-998f-9b18cdd6e3b0,2014-09-12 11:15:07.263
154,NULL,626,6,AW00000154,4f60f75e-b20a-4056-874c-b7f3bd33bf3f,2014-09-12 11:15:07.263
155,NULL,648,6,AW00000155,3b56cd66-5ddf-430c-ab41-3ff6a1836868,2014-09-12 11:15:07.263
156,NULL,512,6,AW00000156,cfffaafb-98dc-4392-84f9-fb3229f35265,2014-09-12 11:15:07.263
157,NULL,628,7,AW00000157,da4968b5-6ba0-4478-bbdc-3a00e9a1b59e,2014-09-12 11:15:07.263
158,NULL,646,8,AW00000158,c48cfb9b-45a2-4dc2-b932-ba8c2572e833,2014-09-12 11:15:07.263
159,NULL,456,9,AW00000159,eb0f31c8-c2cf-46cd-8f92-c4059190a9c6,2014-09-12 11:15:07.263
160,NULL,658,10,AW00000160,b42d510d-3ae4-4911-88cf-8d90d6bd0922,2014-09-12 11:15:07.263
161,NULL,820,2,AW00000161,5a1817b3-6c90-4c17-adf8-b30a06f92141,2014-09-12 11:15:07.263
162,NULL,454,2,AW00000162,f4d0ee10-e276-4a3d-8d3b-e1904195f1b8,2014-09-12 11:15:07.263
163,NULL,660,1,AW00000163,989f9f3a-7cb8-4083-8cda-291c682be73c,2014-09-12 11:15:07.263
164,NULL,818,1,AW00000164,5a323aca-74a2-4ca0-aa3b-e1ae299aad08,2014-09-12 11:15:07.263
165,NULL,506,4,AW00000165,3cdbd3ea-da78-4f9a-8eec-8da4c050c817,2014-09-12 11:15:07.263
166,NULL,662,4,AW00000166,f644d9dc-4ced-49e8-8587-ce859e466dfa,2014-09-12 11:15:07.263
167,NULL,816,4,AW00000167,515d4a13-4e60-4d0c-8f22-bb89a9d312ad,2014-09-12 11:15:07.263
168,NULL,504,4,AW00000168,fce18386-f492-4d4a-a6d2-fb7ef20c57fc,2014-09-12 11:15:07.263
169,NULL,804,1,AW00000169,2d6bbc35-bc19-4cb4-a61b-46899d3a4237,2014-09-12 11:15:07.263
170,NULL,814,5,AW00000170,1f8334e8-3ddc-4530-a1d2-e0bab826476e,2014-09-12 11:15:07.263
171,NULL,502,5,AW00000171,3c40e926-090d-4a7a-9e9d-d9222ae910c5,2014-09-12 11:15:07.263
172,NULL,806,6,AW00000172,324c671d-dd10-4ee2-857a-767917acc2a3,2014-09-12 11:15:07.263
173,NULL,812,6,AW00000173,fdc12e98-898b-4c22-972f-f0ebfbfcb7b0,2014-09-12 11:15:07.263
174,NULL,500,6,AW00000174,9c4ddefa-aabd-4a51-ab90-998985fb7d2f,2014-09-12 11:15:07.263
175,NULL,808,7,AW00000175,66f2342a-7cc4-4f5f-a218-8791b21a9173,2014-09-12 11:15:07.263
176,NULL,446,8,AW00000176,10219f9c-bef1-4cac-a435-d75342c43153,2014-09-12 11:15:07.263
177,NULL,688,9,AW00000177,6abc1437-87ff-49fe-8b91-9eeeeb4143d4,2014-09-12 11:15:07.263
178,NULL,810,10,AW00000178,05b8fb77-fc67-4279-aebd-4162d21b9a11,2014-09-12 11:15:07.263
179,NULL,444,2,AW00000179,f7f8b200-1294-4419-9dac-8194231ac9b7,2014-09-12 11:15:07.263
180,NULL,686,3,AW00000180,f7cff29e-f164-424e-b005-bf8cf317af27,2014-09-12 11:15:07.263
181,NULL,1292,1,AW00000181,3d3d4cd0-7f5d-4bd9-a589-08881095bc5a,2014-09-12 11:15:07.263
182,NULL,442,1,AW00000182,d3da2ff4-51c0-4fcb-a936-1b910458d752,2014-09-12 11:15:07.263
183,NULL,684,3,AW00000183,b2051957-b411-44e1-bca5-63fecb5368f2,2014-09-12 11:15:07.263
184,NULL,1294,4,AW00000184,a65c523a-498d-4314-a727-d17a8b2779f6,2014-09-12 11:15:07.263
185,NULL,1196,4,AW00000185,5014e91d-7b0e-495a-b429-ff915be9d2fd,2014-09-12 11:15:07.263
186,NULL,682,4,AW00000186,48d3e26e-c051-4b24-a37f-a88f5294f25f,2014-09-12 11:15:07.263
187,NULL,1296,4,AW00000187,3329ce97-bb9f-4c36-9197-a6eee803bd94,2014-09-12 11:15:07.263
188,NULL,1194,5,AW00000188,2af36044-25f9-476c-961d-a8efd29e2c4f,2014-09-12 11:15:07.263
189,NULL,680,5,AW00000189,3ed50d2b-a57b-4238-bb31-2f96996db362,2014-09-12 11:15:07.263
190,NULL,1298,6,AW00000190,91154406-0118-4a11-bb1b-366edfb5c97a,2014-09-12 11:15:07.263
191,NULL,1192,6,AW00000191,a2f63e12-1c66-41c2-aac0-57d87f1861d9,2014-09-12 11:15:07.263
192,NULL,678,6,AW00000192,84401968-8977-4380-9b4e-d5149c8126c0,2014-09-12 11:15:07.263
193,NULL,1300,7,AW00000193,74cb0417-1626-4586-a8c8-6f0331b08c50,2014-09-12 11:15:07.263
194,NULL,1190,8,AW00000194,3941081b-24ed-44f1-8009-cd17693423a0,2014-09-12 11:15:07.263
195,NULL,676,9,AW00000195,cd4cc2c3-9fb4-4dab-95cc-a054b1171786,2014-09-12 11:15:07.263
196,NULL,1302,10,AW00000196,5f0eb2d3-4691-4f71-8e9b-a3eacfa4a1d5,2014-09-12 11:15:07.263
197,NULL,1188,3,AW00000197,47b64828-bc4c-4940-aa23-92006bf0d7f1,2014-09-12 11:15:07.263
198,NULL,452,3,AW00000198,b17de285-df9a-487b-8773-75844a101cd0,2014-09-12 11:15:07.263
199,NULL,1304,1,AW00000199,f0cd52d1-b838-451e-b015-5414ab7d9154,2014-09-12 11:15:07.263
200,NULL,1186,1,AW00000200,7c96c878-a038-4b2f-825f-016c922d6407,2014-09-12 11:15:07.263
201,NULL,450,4,AW00000201,ff8eb66d-37d8-46fb-b6e2-30a1fac37947,2014-09-12 11:15:07.263
202,NULL,1306,4,AW00000202,e50d76bb-e3f7-419f-a6d2-20061538fcea,2014-09-12 11:15:07.263
203,NULL,1184,4,AW00000203,b05aaa08-abc9-41e1-b113-65347a2ee406,2014-09-12 11:15:07.263
204,NULL,448,4,AW00000204,c807870f-fa5d-44cb-b373-47ecac52c1d8,2014-09-12 11:15:07.263
205,NULL,1404,4,AW00000205,9db0bd27-5ce6-4f6d-8c90-a85422b86060,2014-09-12 11:15:07.263
206,NULL,1182,5,AW00000206,f0b3a736-dd1d-4412-af94-083990d01965,2014-09-12 11:15:07.263
207,NULL,414,5,AW00000207,ca07b43c-6fb2-4160-b1ac-faaea2a1ccf1,2014-09-12 11:15:07.263
208,NULL,1406,6,AW00000208,6005e7a8-0101-4be2-b8c1-f4ad936e496f,2014-09-12 11:15:07.263
209,NULL,1180,6,AW00000209,e5a50573-0d83-4200-a80c-9f690af69fcc,2014-09-12 11:15:07.263
210,NULL,412,6,AW00000210,ff748558-ea94-4c67-a764-d1480b0f8548,2014-09-12 11:15:07.263
211,NULL,1408,7,AW00000211,98158631-9d58-4222-bcbd-cb0b90cbce17,2014-09-12 11:15:07.263
212,NULL,1178,8,AW00000212,4db27c1b-60ce-4060-b84d-2f83f7a04c4a,2014-09-12 11:15:07.263
213,NULL,410,9,AW00000213,374eaca4-b406-4d8e-b122-184efc4122fa,2014-09-12 11:15:07.263
214,NULL,1410,10,AW00000214,402e4d5f-27c3-4197-87e8-32aa42e41bb6,2014-09-12 11:15:07.263
215,NULL,1176,2,AW00000215,3c8fda7c-6e91-4779-a45e-234774092c78,2014-09-12 11:15:07.263
216,NULL,544,2,AW00000216,4f58a074-ea37-49f8-b0c1-fdc3e0a08677,2014-09-12 11:15:07.263
217,NULL,1412,1,AW00000217,5cfc3a75-ddc6-4c65-b4c3-15bf96c92983,2014-09-12 11:15:07.263
218,NULL,1174,1,AW00000218,3c098480-0d9b-409c-8156-c7610415ac5b,2014-09-12 11:15:07.263
219,NULL,1172,3,AW00000219,d39ccce3-c4a6-441d-8a3c-96507627746d,2014-09-12 11:15:07.263
220,NULL,542,3,AW00000220,81305a48-9f6e-4415-b7aa-488ba04a8f7e,2014-09-12 11:15:07.263
221,NULL,1414,4,AW00000221,98ea497e-45d0-4c54-821a-4fdd9a751095,2014-09-12 11:15:07.263
222,NULL,1170,3,AW00000222,3db84b19-4063-4ec2-b1b4-317dee133a25,2014-09-12 11:15:07.263
223,NULL,1158,3,AW00000223,994837fe-10a8-47df-b7b8-86c4e6932fd0,2014-09-12 11:15:07.263
224,NULL,1416,5,AW00000224,8b943679-47d7-48f4-bbb9-1020a2f634cd,2014-09-12 11:15:07.263
225,NULL,1168,5,AW00000225,ad085784-02a0-4a02-b79c-446a9f8f7ebf,2014-09-12 11:15:07.263
226,NULL,1156,6,AW00000226,cf860e9b-816a-406e-a64a-7965772d5487,2014-09-12 11:15:07.263
227,NULL,1418,6,AW00000227,1ffa0236-84ee-415a-be61-94ce863715ea,2014-09-12 11:15:07.263
228,NULL,1166,6,AW00000228,c751dd7e-51d9-4d2d-aeed-c818eee56ceb,2014-09-12 11:15:07.263
229,NULL,1154,7,AW00000229,25b9f9fc-40b0-463f-b6b9-b345e7b46874,2014-09-12 11:15:07.263
230,NULL,1420,8,AW00000230,6ac62ad2-ff1f-4151-b2a2-969847a7baf1,2014-09-12 11:15:07.263
231,NULL,550,9,AW00000231,0ac6fef1-c8d5-46f7-8e4c-fe522a0e4917,2014-09-12 11:15:07.263
232,NULL,1152,10,AW00000232,aa451bd5-ffc2-436c-a295-81b350a5b899,2014-09-12 11:15:07.263
233,NULL,1422,2,AW00000233,4e10867d-98da-4ccc-adf2-92a3edb6e7c1,2014-09-12 11:15:07.263
234,NULL,548,2,AW00000234,60552adb-643c-461a-9dfd-57029760b59a,2014-09-12 11:15:07.263
235,NULL,1150,1,AW00000235,a4df6d50-5068-4fa9-b4ca-a3195eb29bb6,2014-09-12 11:15:07.263
236,NULL,1424,1,AW00000236,21801fb2-6ea6-4fe5-9444-7e09e8ba907c,2014-09-12 11:15:07.263
237,NULL,546,3,AW00000237,b8f7d9d3-e498-40c2-8c7e-fb1c98c43756,2014-09-12 11:15:07.263
238,NULL,1148,3,AW00000238,3ecd14cb-463c-4375-b81b-d6e60a48b83d,2014-09-12 11:15:07.263
239,NULL,1426,4,AW00000239,48aa4a1e-f209-4b29-a276-113ec94aa6dd,2014-09-12 11:15:07.263
240,NULL,1956,4,AW00000240,c581a495-5772-4eb1-943a-9e94e2387814,2014-09-12 11:15:07.263
241,NULL,1146,4,AW00000241,ff342e5e-445c-4900-aa71-f15656a7d24d,2014-09-12 11:15:07.263
242,NULL,1428,5,AW00000242,01d8cef9-298d-49a8-afc4-ffa9f5b6d1f0,2014-09-12 11:15:07.263
243,NULL,1954,5,AW00000243,62f14fdc-02da-47ec-a1af-5b95e963a14b,2014-09-12 11:15:07.263
244,NULL,1144,6,AW00000244,8ff82bed-93d5-4248-99e2-47f53055ec2d,2014-09-12 11:15:07.263
245,NULL,1430,6,AW00000245,4a122bdd-4393-42bc-ad49-37e43a0414f6,2014-09-12 11:15:07.263
246,NULL,1952,6,AW00000246,cee9f2df-2be7-48b9-8e41-343adc82f8c4,2014-09-12 11:15:07.263
247,NULL,1142,7,AW00000247,0764e4db-c9d4-4c8b-964d-f7fad1c567fb,2014-09-12 11:15:07.263
248,NULL,1432,8,AW00000248,cf89a228-a4d7-4c95-abdc-181f2716892e,2014-09-12 11:15:07.263
249,NULL,1950,9,AW00000249,c2c4f287-0fbe-436c-8fb8-0e95125dfe61,2014-09-12 11:15:07.263
250,NULL,1140,10,AW00000250,cb1ed6cb-18a1-4f7c-8079-dc400b6e506f,2014-09-12 11:15:07.263
251,NULL,1434,2,AW00000251,50fc67e2-4fea-4191-a01b-e850214b3b3e,2014-09-12 11:15:07.263
252,NULL,1948,2,AW00000252,3cea9dd6-e7d0-4892-87d1-4bba655bcc7a,2014-09-12 11:15:07.263
253,NULL,1138,1,AW00000253,e09ab347-7fb1-453f-a4bd-377e68ec8c33,2014-09-12 11:15:07.263
254,NULL,472,1,AW00000254,2f89e8dd-a3c3-4ed4-a604-4b3d45dd1bea,2014-09-12 11:15:07.263
255,NULL,1946,4,AW00000255,0a21109f-02b0-4601-b4f7-2ed62c342385,2014-09-12 11:15:07.263
256,NULL,1136,4,AW00000256,0b6db35b-b8b4-4b51-9154-c33e12b38c75,2014-09-12 11:15:07.263
257,NULL,474,4,AW00000257,a24f5a79-dd85-4eb2-a6a2-6e7026763ff8,2014-09-12 11:15:07.263
258,NULL,1944,4,AW00000258,5549df48-409f-4c2a-b97b-900eb598843c,2014-09-12 11:15:07.263
259,NULL,1134,4,AW00000259,2c3f7a56-819c-4e83-b791-3ce02366d3cf,2014-09-12 11:15:07.263
260,NULL,476,5,AW00000260,0446b06c-94d3-44df-96d3-0baf8124e5d4,2014-09-12 11:15:07.263
261,NULL,1942,5,AW00000261,f6b51fea-d82e-440f-bc5e-508d33ba7d0f,2014-09-12 11:15:07.263
262,NULL,1132,6,AW00000262,1c783210-2b1e-46e2-a2c8-23e610feeb3c,2014-09-12 11:15:07.263
263,NULL,580,6,AW00000263,f665a873-61a2-4b21-b9ff-b5903beaf759,2014-09-12 11:15:07.263
264,NULL,1940,6,AW00000264,a5ce11ce-239c-4849-9683-14f37025a2c1,2014-09-12 11:15:07.263
265,NULL,590,7,AW00000265,1cd5e09a-9c62-4ad1-9c86-0e17a4512d6e,2014-09-12 11:15:07.263
266,NULL,582,8,AW00000266,4af6204a-8c86-435d-85d7-b4fa11c5ae93,2014-09-12 11:15:07.263
267,NULL,1938,9,AW00000267,e4659480-ca31-4fcd-ac59-79ddc831839f,2014-09-12 11:15:07.263
268,NULL,588,10,AW00000268,0c316f6f-5d54-41fd-86a3-6ecaf31a01dd,2014-09-12 11:15:07.263
269,NULL,584,2,AW00000269,c8d788bb-bdbe-48a7-b0bf-b1b0488d9b9f,2014-09-12 11:15:07.263
270,NULL,1936,2,AW00000270,ef6ce6f1-71b7-4a5d-9eee-55283bd5ad5c,2014-09-12 11:15:07.263
271,NULL,586,1,AW00000271,f2765e86-8dea-468b-849e-9e83ae57c381,2014-09-12 11:15:07.263
272,NULL,612,1,AW00000272,b80f890d-a6a1-4dfc-b763-ecd7743c3c2a,2014-09-12 11:15:07.263
273,NULL,1934,4,AW00000273,736da014-1371-40b2-a401-5bd3267a1e8b,2014-09-12 11:15:07.263
274,NULL,952,3,AW00000274,02788a66-2628-4b91-b211-1d8f7e73c500,2014-09-12 11:15:07.263
275,NULL,614,4,AW00000275,68dc7932-128e-47cc-80cb-cf2b1a352f3c,2014-09-12 11:15:07.263
276,NULL,1932,4,AW00000276,09e2cb2a-b0ca-4376-abe7-e9240ead2c16,2014-09-12 11:15:07.263
277,NULL,950,4,AW00000277,37156292-0d92-4f6b-9014-ccb0b29e9f9a,2014-09-12 11:15:07.263
278,NULL,616,5,AW00000278,e8544bb9-7d68-4d07-96d2-7772d3a000ce,2014-09-12 11:15:07.263
279,NULL,1930,5,AW00000279,27670fe7-9beb-496c-a0b4-a097acefecd0,2014-09-12 11:15:07.263
280,NULL,948,6,AW00000280,73b26c19-1113-427f-bbab-beb6fcda33c3,2014-09-12 11:15:07.263
281,NULL,618,6,AW00000281,b3b07166-1798-41b4-a7c2-0579292008c4,2014-09-12 11:15:07.263
282,NULL,1928,6,AW00000282,cf04f255-d817-4ec9-9d99-4580b1ed0ce2,2014-09-12 11:15:07.263
283,NULL,946,7,AW00000283,7502406d-db42-4f26-9c7c-384116a6882d,2014-09-12 11:15:07.263
284,NULL,758,8,AW00000284,ff1e806e-2f9d-4494-ae4d-1f7061744db8,2014-09-12 11:15:07.263
285,NULL,408,9,AW00000285,055bc119-564e-47a0-8086-995fbbe8c739,2014-09-12 11:15:07.263
286,NULL,944,10,AW00000286,6266ccc4-1af0-42e0-bca4-b33ea6838eee,2014-09-12 11:15:07.263
287,NULL,760,3,AW00000287,448cbbfe-eddc-443d-b7c8-57aeaa463be5,2014-09-12 11:15:07.263
288,NULL,406,3,AW00000288,44edc8ac-bb0e-418e-bdd3-4f7691381633,2014-09-12 11:15:07.263
289,NULL,498,1,AW00000289,a42d0f51-c2bc-433d-b2bd-61c516296669,2014-09-12 11:15:07.263
290,NULL,762,1,AW00000290,d0dcde2d-8c38-48fc-9d83-5ebe8a8577ae,2014-09-12 11:15:07.263
291,NULL,398,4,AW00000291,a5aa95ad-8c82-4e50-944f-39f6bdd0a8a8,2014-09-12 11:15:07.263
292,NULL,496,4,AW00000292,e1e960b9-5a86-475d-80fe-b64191aeb1da,2014-09-12 11:15:07.263
293,NULL,764,1,AW00000293,b37a0d83-7ed6-4c58-a476-f59b7ae4fc85,2014-09-12 11:15:07.263
294,NULL,396,4,AW00000294,592b130d-bff6-4744-b0b6-02f706504993,2014-09-12 11:15:07.263
295,NULL,1490,4,AW00000295,bb5324b1-9ace-4aae-8711-41090edce4e0,2014-09-12 11:15:07.263
296,NULL,766,5,AW00000296,6d8059c6-bf5d-4871-8ca8-cc1703668b87,2014-09-12 11:15:07.263
297,NULL,394,5,AW00000297,39bd90d4-a3f8-4f16-a960-b76014b1a913,2014-09-12 11:15:07.263
298,NULL,1488,6,AW00000298,16101465-48b9-4147-9c53-6610feadf778,2014-09-12 11:15:07.263
299,NULL,768,6,AW00000299,1cea8d76-4a20-4d76-9da2-a3777fd7e693,2014-09-12 11:15:07.263
300,NULL,386,6,AW00000300,7256f9b7-5253-4384-b8de-60b6f0adf5a6,2014-09-12 11:15:07.263
301,NULL,1486,7,AW00000301,d4795f2c-072a-490c-8f6a-f1557deb3a48,2014-09-12 11:15:07.263
302,NULL,770,8,AW00000302,10f18596-1b27-464b-bb18-5e37b29bce6a,2014-09-12 11:15:07.263
303,NULL,384,9,AW00000303,31392045-13d2-46cb-9031-67bd7c6f1300,2014-09-12 11:15:07.263
304,NULL,1484,10,AW00000304,c332c909-ee43-4312-a9d8-b2365a0160ea,2014-09-12 11:15:07.263
305,NULL,772,2,AW00000305,7b7dc9c9-df06-43b1-995d-aac5d58f2862,2014-09-12 11:15:07.263
306,NULL,382,3,AW00000306,f8f2835d-f5f0-4070-8465-46bfc815153b,2014-09-12 11:15:07.263
307,NULL,1482,1,AW00000307,d11d9dae-d5d1-440b-be3f-48d307e942a6,2014-09-12 11:15:07.263
308,NULL,774,1,AW00000308,d2b47dad-e684-449b-992c-15de391c0fcc,2014-09-12 11:15:07.263
309,NULL,372,4,AW00000309,a80b5e25-5ef4-4910-b70b-b2d1f5b207c2,2014-09-12 11:15:07.263
310,NULL,1480,3,AW00000310,0d9a0e94-f5e9-4021-8e81-f7f2f18144b1,2014-09-12 11:15:07.263
311,NULL,776,4,AW00000311,f070050e-2b33-41a2-a995-d9df09eb3ae3,2014-09-12 11:15:07.263
312,NULL,370,4,AW00000312,067bb7da-557d-4145-910c-ee0c82caa0e4,2014-09-12 11:15:07.263
313,NULL,1478,4,AW00000313,2157d9a9-a284-4001-973a-27196613681a,2014-09-12 11:15:07.263
314,NULL,778,5,AW00000314,1d3e8a19-1ad4-4524-be77-5a5998107204,2014-09-12 11:15:07.263
315,NULL,440,5,AW00000315,527d2334-c39d-49a8-901e-b1057f41bd73,2014-09-12 11:15:07.263
316,NULL,1476,6,AW00000316,8c95e9d8-88d0-4e6a-8149-b4c6c79e65bd,2014-09-12 11:15:07.263
317,NULL,780,6,AW00000317,5eef4daa-8514-43a3-b96a-d99e19e3c2e8,2014-09-12 11:15:07.263
318,NULL,438,6,AW00000318,d241d8f1-5a7a-41b3-8723-1e2b1a9fdbf6,2014-09-12 11:15:07.263
319,NULL,1474,7,AW00000319,b933a9dc-ef58-4bb6-83a1-bce83a1468db,2014-09-12 11:15:07.263
320,NULL,538,8,AW00000320,fd0864b5-e700-4407-8683-92b710034073,2014-09-12 11:15:07.263
321,NULL,436,9,AW00000321,ffe78b87-222b-4ab6-8d46-afba06c1b19e,2014-09-12 11:15:07.263
322,NULL,1472,10,AW00000322,1c56e02d-69f4-4c0d-965b-2b7f54aa0a34,2014-09-12 11:15:07.263
323,NULL,540,3,AW00000323,0da4f03e-47e9-4bed-b149-9c18cee9eb30,2014-09-12 11:15:07.263
324,NULL,2051,2,AW00000324,815eea58-33c8-4717-8a9b-a86856090a06,2014-09-12 11:15:07.263
325,NULL,1470,1,AW00000325,6340ac77-4fbd-4eec-9d60-5009d428674a,2014-09-12 11:15:07.263
326,NULL,964,1,AW00000326,81c81c0d-73eb-442d-beb0-d03ad4af5048,2014-09-12 11:15:07.263
327,NULL,1994,3,AW00000327,cdd7480f-7284-453a-a7ca-910535d40583,2014-09-12 11:15:07.263
328,NULL,1992,4,AW00000328,84a86a42-c9f8-4b4a-a1a6-28e4e448fb8c,2014-09-12 11:15:07.263
329,NULL,470,4,AW00000329,35de20d0-b72d-440b-8c55-6e8ad6643335,2014-09-12 11:15:07.263
330,NULL,966,4,AW00000330,09480748-3f10-4c0f-9bf1-ebefad6540cf,2014-09-12 11:15:07.263
331,NULL,1990,4,AW00000331,9b6d55bd-1bfd-489b-a09d-ca2de42c7c16,2014-09-12 11:15:07.263
332,NULL,468,5,AW00000332,b2e4cf6b-9c83-4025-99b4-166640c15510,2014-09-12 11:15:07.263
333,NULL,968,5,AW00000333,0412c1a5-e4ba-4f83-9bb3-86175b894a55,2014-09-12 11:15:07.263
334,NULL,1988,6,AW00000334,777d62e5-3c77-4cef-8af6-8a4648f49eb9,2014-09-12 11:15:07.263
335,NULL,466,6,AW00000335,f8bf1985-3c65-400f-bd46-92f88008f003,2014-09-12 11:15:07.263
336,NULL,970,6,AW00000336,0341ca02-f44f-4604-8e20-a749b90fd976,2014-09-12 11:15:07.263
337,NULL,1986,7,AW00000337,fb5a02eb-5589-4499-a19e-492457426b90,2014-09-12 11:15:07.263
338,NULL,578,8,AW00000338,2e85a0ae-4725-45d3-a21c-f1ee94fde748,2014-09-12 11:15:07.263
339,NULL,972,9,AW00000339,ecbd14f2-f495-4ac9-b3f4-6a53d15856d3,2014-09-12 11:15:07.263
340,NULL,1984,10,AW00000340,191fe023-2354-4fbb-88d7-b57adc3428d8,2014-09-12 11:15:07.263
341,NULL,576,2,AW00000341,8347e7af-a66a-410a-a035-65cf88e500b3,2014-09-12 11:15:07.263
342,NULL,974,2,AW00000342,dfbe95b2-bfb7-4cb3-bbfc-045f35bb48cf,2014-09-12 11:15:07.263
343,NULL,1982,1,AW00000343,dae8ef10-88da-4f94-b6a7-a9745f250db2,2014-09-12 11:15:07.263
344,NULL,574,1,AW00000344,aa3b69df-40cf-45b8-9250-f69ef6db1c15,2014-09-12 11:15:07.263
345,NULL,976,4,AW00000345,131056ab-e899-43bf-91e6-d92f44456655,2014-09-12 11:15:07.263
346,NULL,1980,3,AW00000346,b3e143fd-f617-401e-aad9-c50bc280ed18,2014-09-12 11:15:07.263
347,NULL,572,4,AW00000347,2de20d49-86f7-40c0-950d-12c93ea94b35,2014-09-12 11:15:07.263
348,NULL,348,3,AW00000348,ba20e529-555e-4d2c-83f0-dcba833230af,2014-09-12 11:15:07.263
349,NULL,1978,4,AW00000349,b23474bf-01cc-4a5e-902c-d6a4eb5ed777,2014-09-12 11:15:07.263
350,NULL,610,5,AW00000350,51af3285-9533-4172-a4b9-7e654169fb33,2014-09-12 11:15:07.263
351,NULL,354,5,AW00000351,4267e129-15f9-41de-b426-f38cb86cc417,2014-09-12 11:15:07.263
352,NULL,1236,6,AW00000352,5617d4f8-c3a1-4408-8895-ae3f7e0efa05,2014-09-12 11:15:07.263
353,NULL,608,6,AW00000353,3b2e5c36-0827-4a31-b112-f347ad588822,2014-09-12 11:15:07.263
354,NULL,356,6,AW00000354,b65dfd89-49c5-4530-b819-b6e84f3531a6,2014-09-12 11:15:07.263
355,NULL,1234,7,AW00000355,e6250b8a-8dcb-4192-8a0b-9598ae0e3f05,2014-09-12 11:15:07.263
356,NULL,606,8,AW00000356,c5add2b4-2679-46d0-b6bc-649592c7da61,2014-09-12 11:15:07.263
357,NULL,358,9,AW00000357,cdd731fa-45b9-405c-9265-42c039cfb509,2014-09-12 11:15:07.263
358,NULL,1232,10,AW00000358,3ed88e2f-3f29-4e30-93d4-ce38474ded23,2014-09-12 11:15:07.263
359,NULL,604,2,AW00000359,68e332e9-2929-4149-8086-fa8d7e4bc859,2014-09-12 11:15:07.263
360,NULL,360,3,AW00000360,8be04d7d-1192-4a27-aca3-926e5f530abb,2014-09-12 11:15:07.263
361,NULL,1230,1,AW00000361,6f69f454-5199-4b15-b370-d926f8ed104c,2014-09-12 11:15:07.263
362,NULL,756,1,AW00000362,d9b640a6-0988-4548-8231-69ca927d49ab,2014-09-12 11:15:07.263
363,NULL,374,3,AW00000363,3543b21b-0dfa-40de-998e-a9c3f2fcda98,2014-09-12 11:15:07.263
364,NULL,1228,3,AW00000364,9d91f4ed-58b5-4a59-9894-8fd17ebdfc9b,2014-09-12 11:15:07.263
365,NULL,754,4,AW00000365,ab87b283-4b2b-48ad-9d10-6b9f2d4d0baa,2014-09-12 11:15:07.263
366,NULL,376,4,AW00000366,76da51e9-d61b-488c-a4e7-c7b87fda2917,2014-09-12 11:15:07.263
367,NULL,1226,4,AW00000367,a65d6b08-0b08-453c-b244-cb324a3dfc0c,2014-09-12 11:15:07.263
368,NULL,752,5,AW00000368,992e96cc-be7c-49aa-a6e5-6534990f1774,2014-09-12 11:15:07.263
369,NULL,362,5,AW00000369,3d4c073c-758c-4ae7-a00b-72dada062af2,2014-09-12 11:15:07.263
370,NULL,1224,6,AW00000370,7059e0f6-846d-4a52-8a97-0734cd064892,2014-09-12 11:15:07.263
371,NULL,750,6,AW00000371,05cf6683-bc27-4062-a60d-995706bbfab5,2014-09-12 11:15:07.263
372,NULL,1852,6,AW00000372,f377f21a-9a29-49af-9158-4e3fa8586ff7,2014-09-12 11:15:07.263
373,NULL,1222,7,AW00000373,6c49b96d-2dfe-4e55-a102-416fe3b64dc4,2014-09-12 11:15:07.263
374,NULL,748,8,AW00000374,b50e974f-2703-4508-81f9-84aa2fb27615,2014-09-12 11:15:07.263
375,NULL,1854,9,AW00000375,150dca03-dae1-461c-85c8-54660461356c,2014-09-12 11:15:07.263
376,NULL,1220,10,AW00000376,d733948f-db34-47ff-a618-06123a32e515,2014-09-12 11:15:07.263
377,NULL,746,3,AW00000377,f728ab05-7868-493d-beba-f4e7dfafff31,2014-09-12 11:15:07.263
378,NULL,1856,2,AW00000378,95828950-e407-4293-a824-b2525f135503,2014-09-12 11:15:07.263
379,NULL,1218,1,AW00000379,083c2d9f-7cbb-4cd4-9bbf-30e80c376ee5,2014-09-12 11:15:07.263
380,NULL,744,1,AW00000380,5e469335-acdd-41c8-89fe-0856ed944340,2014-09-12 11:15:07.263
381,NULL,1858,3,AW00000381,5aa5c79e-3c99-4fd2-87e7-b0e67603d5ab,2014-09-12 11:15:07.263
382,NULL,1216,4,AW00000382,7ee0371d-cefe-4a15-9347-34c232d82ab0,2014-09-12 11:15:07.263
383,NULL,742,4,AW00000383,94da916c-8e0d-405c-ad3c-cfe9c1db699a,2014-09-12 11:15:07.263
384,NULL,1860,4,AW00000384,7bc25c4c-f0e3-4471-8d8b-e0595061af6a,2014-09-12 11:15:07.263
385,NULL,1214,4,AW00000385,6ede3be1-137d-4984-9ecb-eb871ae9059d,2014-09-12 11:15:07.263
386,NULL,740,5,AW00000386,bc5c4272-db96-464c-8f74-09a8343e5877,2014-09-12 11:15:07.263
387,NULL,1862,5,AW00000387,3f8de0ed-d0f6-498c-ab91-2c35815e297e,2014-09-12 11:15:07.263
388,NULL,1212,6,AW00000388,c0c5ee7e-dd39-401d-9bf5-7ec01d57e57f,2014-09-12 11:15:07.263
389,NULL,738,6,AW00000389,0fc568b5-2a6b-4c9d-87bc-9b8c6313c9da,2014-09-12 11:15:07.263
390,NULL,1864,6,AW00000390,d6ab0687-0db2-460b-a4d2-34aad4ec9f3d,2014-09-12 11:15:07.263
391,NULL,1210,7,AW00000391,030f5458-d836-4142-b2a7-321c34ea66d7,2014-09-12 11:15:07.263
392,NULL,736,8,AW00000392,8d04b130-e705-4b91-8159-8da619a2b9de,2014-09-12 11:15:07.263
393,NULL,1866,9,AW00000393,65923376-fae9-430e-9712-42235694f8bd,2014-09-12 11:15:07.263
394,NULL,1208,10,AW00000394,f53f2ca8-f244-46b8-a64f-a09f657db9dc,2014-09-12 11:15:07.263
395,NULL,560,3,AW00000395,8da056fc-494f-4fe1-8397-0b0736603201,2014-09-12 11:15:07.263
396,NULL,1868,2,AW00000396,8adbcd9a-4d47-4fd5-a04a-dffcc2bf47de,2014-09-12 11:15:07.263
397,NULL,1206,1,AW00000397,b711f333-3277-4885-ab55-5790cf41f27d,2014-09-12 11:15:07.263
398,NULL,558,1,AW00000398,e47537dd-645f-458c-a410-a520d38dd7b9,2014-09-12 11:15:07.263
399,NULL,1870,4,AW00000399,bc98b78e-3068-475a-8ead-fba537dde9b9,2014-09-12 11:15:07.263
400,NULL,1110,3,AW00000400,40984282-13f9-4b14-90b3-e7a17180195d,2014-09-12 11:15:07.263
401,NULL,368,1,AW00000401,cc76f684-79ad-4a66-a30e-1b7fb5c917c5,2014-09-12 11:15:07.263
402,NULL,460,4,AW00000402,48941caa-5b39-497e-ad56-efd9172d372e,2014-09-12 11:15:07.263
403,NULL,1108,4,AW00000403,0484601b-6a04-41bf-9554-3eb22d5b4dc1,2014-09-12 11:15:07.263
404,NULL,366,5,AW00000404,8ef6e3c7-a53a-4ce4-819f-e67871c2f7ed,2014-09-12 11:15:07.263
405,NULL,462,5,AW00000405,2ef9b843-4b9a-4220-8503-2dbdb2878c41,2014-09-12 11:15:07.263
406,NULL,1106,6,AW00000406,04c17472-c4da-40b1-82fa-b08d3828b863,2014-09-12 11:15:07.263
407,NULL,380,6,AW00000407,5a2338d1-158f-4386-8c30-eff2bf990669,2014-09-12 11:15:07.263
408,NULL,464,6,AW00000408,a845d318-d6c0-4e69-b509-83686bd409a6,2014-09-12 11:15:07.263
409,NULL,1104,7,AW00000409,102df3eb-c1a7-494a-a2ff-e0c5f2018559,2014-09-12 11:15:07.263
410,NULL,378,8,AW00000410,c35ee937-edb6-4a80-bcd5-6310f0c25764,2014-09-12 11:15:07.263
411,NULL,690,9,AW00000411,509ba11f-3d46-478d-8213-142f20c2f6bf,2014-09-12 11:15:07.263
412,NULL,1102,10,AW00000412,bd823ab5-6077-41d3-86c7-7bfa90602024,2014-09-12 11:15:07.263
413,NULL,404,2,AW00000413,44690101-f37f-418e-ba40-7b117d134b68,2014-09-12 11:15:07.263
414,NULL,692,2,AW00000414,f493788d-9984-4433-b24f-f7d151462826,2014-09-12 11:15:07.263
415,NULL,674,1,AW00000415,01289f01-9785-4dea-a896-92592f1f90b2,2014-09-12 11:15:07.263
416,NULL,402,1,AW00000416,6b7ff7e6-4028-491e-ac2a-dfbb6278ca57,2014-09-12 11:15:07.263
417,NULL,694,4,AW00000417,b8b12910-9ce7-4e71-902c-cf267a30fd3b,2014-09-12 11:15:07.263
418,NULL,672,3,AW00000418,c6a84bc4-4131-4f49-9865-1f05530318cd,2014-09-12 11:15:07.263
419,NULL,400,4,AW00000419,8fe888a7-82d6-4a5a-a7f4-4e69b9d62838,2014-09-12 11:15:07.263
420,NULL,696,4,AW00000420,e4e565bb-00ff-494a-b31f-4bfe14ec2950,2014-09-12 11:15:07.263
421,NULL,670,4,AW00000421,b70d3cf0-b999-46e6-a004-e551c302ef24,2014-09-12 11:15:07.263
422,NULL,1164,5,AW00000422,7a2cdc3b-3646-4fb1-975a-e3bb2f3159a9,2014-09-12 11:15:07.263
423,NULL,698,5,AW00000423,a6b62683-6b48-4b90-8618-01a36f459ecd,2014-09-12 11:15:07.263
424,NULL,510,6,AW00000424,1907f0a4-bffe-4a3b-bec8-76d0aecb2d30,2014-09-12 11:15:07.263
425,NULL,1162,6,AW00000425,b1508150-5c6b-436b-8ff4-41171e6cd517,2014-09-12 11:15:07.263
426,NULL,562,6,AW00000426,76ecb325-f500-4d90-a4fd-f2a2f8971379,2014-09-12 11:15:07.263
427,NULL,508,7,AW00000427,411e7506-12ef-4ee7-bd86-b80187aa6190,2014-09-12 11:15:07.263
428,NULL,1160,8,AW00000428,2ec6eee4-a066-4c95-9982-8eecbd71fd2f,2014-09-12 11:15:07.263
429,NULL,564,9,AW00000429,a1ae3116-2c4d-4647-a111-eaeed3df2d96,2014-09-12 11:15:07.263
430,NULL,602,10,AW00000430,d18dfa60-7d7e-4900-a0b6-78df78e4deef,2014-09-12 11:15:07.263
431,NULL,392,3,AW00000431,730af72e-62cc-43c0-b790-975fb1f2df0d,2014-09-12 11:15:07.263
432,NULL,846,2,AW00000432,2bb213ee-5443-4e13-b085-6413a707a120,2014-09-12 11:15:07.263
433,NULL,600,1,AW00000433,eb0b1054-ff23-4e35-bcfc-10b84b47ea47,2014-09-12 11:15:07.263
434,NULL,390,1,AW00000434,0a748427-ccaf-4e93-9551-8f06b976dcad,2014-09-12 11:15:07.263
435,NULL,848,4,AW00000435,7624b525-f236-4771-8d0b-ffc8ef75afa7,2014-09-12 11:15:07.263
436,NULL,598,4,AW00000436,506dd7e7-e6d0-49e7-addc-5cd6c811dd35,2014-09-12 11:15:07.263
437,NULL,570,4,AW00000437,7ee44449-7164-4637-96fe-264004dd31a0,2014-09-12 11:15:07.263
438,NULL,388,1,AW00000438,3f98f477-0db0-44d4-9155-15243b8fd480,2014-09-12 11:15:07.263
439,NULL,850,4,AW00000439,2b10bd49-1d5c-4e73-a492-95ae4c03c312,2014-09-12 11:15:07.263
440,NULL,568,5,AW00000440,1b5af7f4-4d4e-4b51-a1a2-c2f62431bc9a,2014-09-12 11:15:07.263
441,NULL,364,5,AW00000441,2965f5cf-909a-444a-9966-3d1aaf761206,2014-09-12 11:15:07.263
442,NULL,852,6,AW00000442,f41036bb-c3ba-4935-9f16-10dec1a55c33,2014-09-12 11:15:07.263
443,NULL,566,6,AW00000443,133ce995-d294-47ee-94cb-468e147214d4,2014-09-12 11:15:07.263
444,NULL,428,6,AW00000444,a83d6923-a2df-4c6f-9d39-af9de01320dc,2014-09-12 11:15:07.263
445,NULL,854,7,AW00000445,f6130e0a-b5ea-4747-92ea-257d7f3ed116,2014-09-12 11:15:07.263
446,NULL,1926,8,AW00000446,a6db70ba-e347-4406-b237-56c1bbd24fe5,2014-09-12 11:15:07.263
447,NULL,426,9,AW00000447,9ee3c197-e7db-4f66-b491-118a9928b782,2014-09-12 11:15:07.263
448,NULL,856,10,AW00000448,722aee8f-6b89-4712-bb35-6861af3065cd,2014-09-12 11:15:07.263
449,NULL,1924,5,AW00000449,c92cc384-fe07-46c6-952c-9ee65176e4f9,2014-09-12 11:15:07.263
450,NULL,424,2,AW00000450,81a8ae36-d134-475c-bed1-06c7c68cb095,2014-09-12 11:15:07.263
451,NULL,858,1,AW00000451,d5ae552e-fafd-49ab-ac05-014484ca1139,2014-09-12 11:15:07.263
452,NULL,1922,1,AW00000452,a0328adc-2dbd-47ae-9648-cbaf845ebf74,2014-09-12 11:15:07.263
453,NULL,926,3,AW00000453,e165218f-456f-4d59-bf10-accf3911ae3c,2014-09-12 11:15:07.263
454,NULL,860,3,AW00000454,d0cc43e1-cf3e-47ea-87f7-2b64c899c56d,2014-09-12 11:15:07.263
455,NULL,1920,4,AW00000455,b4200f93-711c-438e-975d-fcca43632d20,2014-09-12 11:15:07.263
456,NULL,924,4,AW00000456,71fce014-2bd7-4072-a163-b67cf0217325,2014-09-12 11:15:07.263
457,NULL,862,4,AW00000457,2e58399c-f9b5-406a-a91a-2d7416e697e4,2014-09-12 11:15:07.263
458,NULL,1918,5,AW00000458,5478a7a1-3070-4316-ba3b-76936afa4ebe,2014-09-12 11:15:07.263
459,NULL,922,5,AW00000459,d587c243-7e07-4d4a-aff5-2bb7eb47046b,2014-09-12 11:15:07.263
460,NULL,864,6,AW00000460,e7069c91-9479-4cc0-be91-991aa1447af6,2014-09-12 11:15:07.263
461,NULL,1916,6,AW00000461,25ee1c59-aa4a-44e6-ad18-70f2b8fde302,2014-09-12 11:15:07.263
462,NULL,920,6,AW00000462,5c085e79-91ee-4855-92c2-ba36cd6980e0,2014-09-12 11:15:07.263
463,NULL,866,7,AW00000463,6b70d0b3-4a77-4143-842a-c5fb0bbbe8ff,2014-09-12 11:15:07.263
464,NULL,1914,8,AW00000464,1548c6d6-55ae-42cc-813d-093d70330662,2014-09-12 11:15:07.263
465,NULL,918,9,AW00000465,5ab396be-567f-4ede-b3c1-82e410867acd,2014-09-12 11:15:07.263
466,NULL,868,10,AW00000466,94b95997-fd84-4632-bb16-6f21fe706051,2014-09-12 11:15:07.263
467,NULL,1912,5,AW00000467,0e1ad4c8-39fa-45fd-913f-2428d826b11a,2014-09-12 11:15:07.263
468,NULL,916,3,AW00000468,ed1ff0e0-836d-42b3-a9dc-f8faaf32adba,2014-09-12 11:15:07.263
469,NULL,870,1,AW00000469,f9eec39e-a3a3-41ab-8abd-1ab31c0b729b,2014-09-12 11:15:07.263
470,NULL,1910,1,AW00000470,d7b637cf-c957-41c1-ae45-590a1a9f4527,2014-09-12 11:15:07.263
471,NULL,914,4,AW00000471,7578fa92-b7bf-4fa8-94e3-186b08221382,2014-09-12 11:15:07.263
472,NULL,872,3,AW00000472,dcedc9d8-c1fd-4720-95f2-4be8c5a8b5d1,2014-09-12 11:15:07.263
473,NULL,1204,4,AW00000473,bdc2cd6e-0ff5-4af8-a5b2-eeaf07b882e5,2014-09-12 11:15:07.263
474,NULL,912,4,AW00000474,9437f421-4e1a-4223-8d41-b3008bc7bbc9,2014-09-12 11:15:07.263
475,NULL,874,4,AW00000475,14ca36fa-e45c-421c-bb5a-22cde0946aea,2014-09-12 11:15:07.263
476,NULL,1202,5,AW00000476,8debba6b-6e6b-438b-a730-712e7e68ca2b,2014-09-12 11:15:07.263
477,NULL,910,5,AW00000477,6dcc5ca8-4f2b-42ac-ba55-ed5888be101e,2014-09-12 11:15:07.263
478,NULL,1828,6,AW00000478,e76a3ec3-581b-456b-9415-5853ee013816,2014-09-12 11:15:07.263
479,NULL,1200,6,AW00000479,ddf27582-0d9b-45a9-b605-ab01d2c1c3b8,2014-09-12 11:15:07.263
480,NULL,908,6,AW00000480,3aeccdda-2012-468e-858e-3be516a77fa0,2014-09-12 11:15:07.263
481,NULL,1830,7,AW00000481,579ef71e-9a99-4d2e-bf31-0b6d5dac66be,2014-09-12 11:15:07.263
482,NULL,1198,8,AW00000482,eeb9f9cd-5b5c-4492-af64-6f28f4225350,2014-09-12 11:15:07.263
483,NULL,906,9,AW00000483,19405801-665b-479f-b5a6-686876e615ac,2014-09-12 11:15:07.263
484,NULL,1832,10,AW00000484,37398b37-b78b-4460-b012-665828c6b9ec,2014-09-12 11:15:07.263
485,NULL,306,5,AW00000485,eb969756-e3cd-4956-8a65-572a887b1718,2014-09-12 11:15:07.263
486,NULL,904,2,AW00000486,c0a0eccc-1504-49cb-93e0-a613ba0a6dd6,2014-09-12 11:15:07.263
487,NULL,1834,1,AW00000487,4ee55ca2-f2ac-4e5b-bcec-b23c09fb345b,2014-09-12 11:15:07.263
488,NULL,304,1,AW00000488,c4647e94-eb39-4fe5-b856-fa982709a6da,2014-09-12 11:15:07.263
489,NULL,902,4,AW00000489,2b107c53-4450-4179-a330-516ff82e4744,2014-09-12 11:15:07.263
490,NULL,1836,4,AW00000490,ab26f88e-abde-4122-b772-34940b143427,2014-09-12 11:15:07.263
491,NULL,302,4,AW00000491,28a9945c-b9b3-4a24-b367-d17bcc0ae82e,2014-09-12 11:15:07.263
492,NULL,900,4,AW00000492,8194b68e-af15-4edc-b403-6c8f7475492b,2014-09-12 11:15:07.263
493,NULL,1838,4,AW00000493,b143978a-3fc9-4077-a70a-db4dfacedc79,2014-09-12 11:15:07.263
494,NULL,326,5,AW00000494,1dadf7f5-0dfb-4357-8822-316fd414b6d9,2014-09-12 11:15:07.263
495,NULL,898,5,AW00000495,70cc6d14-4aeb-4731-a23f-00fd899bc6c8,2014-09-12 11:15:07.263
496,NULL,1840,6,AW00000496,9d1a7488-6cd7-4866-a0a4-dd3a8a850ed0,2014-09-12 11:15:07.263
497,NULL,324,6,AW00000497,9fc698d8-a5d6-4971-bfb4-9a4d8988db58,2014-09-12 11:15:07.263
498,NULL,896,6,AW00000498,e3a756b3-ee63-4ac7-a799-b1fa170edde6,2014-09-12 11:15:07.263
499,NULL,1842,7,AW00000499,c1977b0f-7a53-4761-ac2d-e43da7b25711,2014-09-12 11:15:07.263
500,NULL,322,8,AW00000500,8d407bac-a447-456b-93fe-50301bc7555a,2014-09-12 11:15:07.263
501,NULL,894,9,AW00000501,5314edb3-4fe0-47bc-90c8-e89589e8ba7a,2014-09-12 11:15:07.263
502,NULL,1844,10,AW00000502,e8dd8339-8804-46f2-ac6c-bce931ff0831,2014-09-12 11:15:07.263
503,NULL,320,2,AW00000503,53f9d07a-114f-40c3-84de-2caa6e13a05c,2014-09-12 11:15:07.263
504,NULL,488,3,AW00000504,240578ac-2179-4aca-83d8-c647c8f668cd,2014-09-12 11:15:07.263
505,NULL,1846,1,AW00000505,4f32a900-a34b-4448-a72c-196a1c553073,2014-09-12 11:15:07.263
506,NULL,318,1,AW00000506,794aa83a-293d-4a91-bcf5-d40471b46569,2014-09-12 11:15:07.263
507,NULL,486,4,AW00000507,2c2f6363-d05a-4ed4-8896-e321413d4ff3,2014-09-12 11:15:07.263
508,NULL,1848,4,AW00000508,4da216f0-e0fc-43f1-847b-c0445ebfda46,2014-09-12 11:15:07.263
509,NULL,316,4,AW00000509,78ed169f-c38f-44f9-9abc-2a65d87c7f7d,2014-09-12 11:15:07.263
510,NULL,484,4,AW00000510,6ee9d652-6f65-4f4d-af0b-3a82cb34c5f1,2014-09-12 11:15:07.263
511,NULL,1850,4,AW00000511,39a1e62c-4669-4731-9d99-f74d0a4979d7,2014-09-12 11:15:07.263
512,NULL,352,5,AW00000512,5b37ccff-1a71-4561-ac12-50eb77c92bc2,2014-09-12 11:15:07.263
513,NULL,1468,5,AW00000513,b969d812-d0ac-4484-9897-6262151508db,2014-09-12 11:15:07.263
514,NULL,592,6,AW00000514,f7fa597e-be0a-4488-9101-a6cd272dbf47,2014-09-12 11:15:07.263
515,NULL,1908,6,AW00000515,0d4a67db-594a-4131-a3c8-51c76265b3c5,2014-09-12 11:15:07.263
516,NULL,1466,6,AW00000516,3e567502-b73a-49cb-bfa4-89e32f3bf89d,2014-09-12 11:15:07.263
517,NULL,594,7,AW00000517,a7726bae-8c2d-4fe5-b25f-281083aeaf2c,2014-09-12 11:15:07.263
518,NULL,1906,8,AW00000518,f3e61433-b332-4b4c-bce6-a963950e6ca4,2014-09-12 11:15:07.263
519,NULL,1464,9,AW00000519,6e5dc4e9-bd21-4e78-808a-074f07958b75,2014-09-12 11:15:07.263
520,NULL,596,10,AW00000520,34c094d7-8c79-47a5-b192-9597826bd55d,2014-09-12 11:15:07.263
521,NULL,1904,2,AW00000521,a09978fe-9354-4c69-8423-1e172841a9ab,2014-09-12 11:15:07.263
522,NULL,1462,2,AW00000522,8989cbd0-e708-4d36-bfb7-71b08a239bfa,2014-09-12 11:15:07.263
523,NULL,954,3,AW00000523,ed034862-2faa-4c55-afb3-052d06a2191e,2014-09-12 11:15:07.263
524,NULL,1902,5,AW00000524,66f5d073-40bb-4584-a577-91e2a6cc36f7,2014-09-12 11:15:07.263
525,NULL,1460,5,AW00000525,82bd929f-9da3-4e28-bbcf-9d4c58d02ff3,2014-09-12 11:15:07.263
526,NULL,956,6,AW00000526,34242469-ae37-497e-920e-ad364d7eff4c,2014-09-12 11:15:07.263
527,NULL,1900,3,AW00000527,b43c442c-796e-4b1f-85f3-233a02f5f7ed,2014-09-12 11:15:07.263
528,NULL,1458,4,AW00000528,1264d83b-3abb-4a87-b473-e30b96f55bb6,2014-09-12 11:15:07.263
529,NULL,958,4,AW00000529,7ba3fef2-3b40-4490-9601-3d5705b0ff7a,2014-09-12 11:15:07.263
530,NULL,1898,5,AW00000530,ef99baf9-922b-4634-a430-647b1063e0e0,2014-09-12 11:15:07.263
531,NULL,1456,5,AW00000531,5b99c621-4b4d-4af2-a1c1-7ed552f53c57,2014-09-12 11:15:07.263
532,NULL,960,6,AW00000532,60e33181-3ee5-4f24-b543-90f7ca6cfdc2,2014-09-12 11:15:07.263
533,NULL,1896,6,AW00000533,89e3bbb3-134c-465b-a2bd-558ea54d3d9e,2014-09-12 11:15:07.263
534,NULL,1454,6,AW00000534,24a6a509-b31c-49f5-bf0d-6a0c40b5b740,2014-09-12 11:15:07.263
535,NULL,962,7,AW00000535,6a937150-8ab4-4526-a5bf-70caabe12fc6,2014-09-12 11:15:07.263
536,NULL,1250,8,AW00000536,7011f5cd-ba44-42a1-a0dd-324c3238baf9,2014-09-12 11:15:07.263
537,NULL,1452,9,AW00000537,21ec149d-266a-4b80-8d35-f49be8a57f06,2014-09-12 11:15:07.263
538,NULL,534,10,AW00000538,35e95974-7000-4081-a041-64011de880a2,2014-09-12 11:15:07.263
539,NULL,1248,2,AW00000539,664067f5-4c17-49e0-ae44-775aeb6f23e2,2014-09-12 11:15:07.263
540,NULL,1450,2,AW00000540,d0efcb7c-d0b6-4e7f-8c63-1e00e7938929,2014-09-12 11:15:07.263
541,NULL,536,1,AW00000541,889515ac-044f-41e5-9d12-b82d6e32eab6,2014-09-12 11:15:07.263
542,NULL,1246,1,AW00000542,6af61284-02df-41ba-a0e0-2b1728b2cf7a,2014-09-12 11:15:07.263
543,NULL,1448,3,AW00000543,c26f1f97-af69-4f04-90eb-cad58466f730,2014-09-12 11:15:07.263
544,NULL,308,3,AW00000544,70259e78-e301-494b-b26d-40d663dbb3de,2014-09-12 11:15:07.263
545,NULL,1244,4,AW00000545,7118ca63-b79e-4e8a-b70d-7df409b7f23a,2014-09-12 11:15:07.263
546,NULL,1242,3,AW00000546,298de006-bed6-4e13-b659-3f9422750943,2014-09-12 11:15:07.263
547,NULL,1446,4,AW00000547,522cda1c-21b1-4316-8fd6-654eb8a043bd,2014-09-12 11:15:07.263
548,NULL,310,5,AW00000548,ab8e25b5-9f56-4482-98f2-5dbb212cf679,2014-09-12 11:15:07.263
549,NULL,1240,5,AW00000549,c15a76f4-2dfe-44e2-958b-4347c4e37c14,2014-09-12 11:15:07.263
550,NULL,1444,6,AW00000550,defe32c0-e965-40ee-a991-69dca4bedce6,2014-09-12 11:15:07.263
551,NULL,312,6,AW00000551,85a3a976-a059-4fb9-bab9-569c4ead0869,2014-09-12 11:15:07.263
552,NULL,1238,6,AW00000552,b6d14407-6e95-452d-9ed4-d72d111a5be7,2014-09-12 11:15:07.263
553,NULL,1442,7,AW00000553,0f25342a-f34f-4537-acbf-37051f4e9ddd,2014-09-12 11:15:07.263
554,NULL,314,8,AW00000554,ea6040dc-0651-4f25-ae9d-dbeef5757609,2014-09-12 11:15:07.263
555,NULL,350,9,AW00000555,5f257e9e-661f-4d55-9b92-120c96d59088,2014-09-12 11:15:07.263
556,NULL,1440,10,AW00000556,af0745df-2902-4bde-9f2b-48ca6a81ceef,2014-09-12 11:15:07.263
557,NULL,328,2,AW00000557,adb9d8cd-5614-4d68-a71d-102a28726938,2014-09-12 11:15:07.263
558,NULL,344,2,AW00000558,e235c0e3-895d-4e0a-8b71-1807fb4537e2,2014-09-12 11:15:07.263
559,NULL,1438,1,AW00000559,487edb3a-23a8-4d1d-b1ff-fcddcbdbc97e,2014-09-12 11:15:07.263
560,NULL,330,1,AW00000560,b4402fbc-ade6-41e7-baef-11bf1157f658,2014-09-12 11:15:07.263
561,NULL,342,4,AW00000561,e8c7ff14-1bed-4405-8e3a-b744c8a29cd8,2014-09-12 11:15:07.263
562,NULL,1436,3,AW00000562,cdfd5261-ba2c-46d1-9ce3-d083483a5cd2,2014-09-12 11:15:07.263
563,NULL,338,4,AW00000563,64a38f14-8b74-4798-91a0-56cb5d01ad1d,2014-09-12 11:15:07.263
564,NULL,336,1,AW00000564,7f79ff5a-e220-46f7-bec3-e6ffdabebb2c,2014-09-12 11:15:07.263
565,NULL,458,4,AW00000565,795fed3e-6216-4f65-870b-aca2e485ad97,2014-09-12 11:15:07.263
566,NULL,340,5,AW00000566,30b819a4-ac5f-4e4f-a3c8-11d78df183a3,2014-09-12 11:15:07.263
567,NULL,334,5,AW00000567,4d00d4d6-11d3-4d79-a3a5-9256adc87c63,2014-09-12 11:15:07.263
568,NULL,1112,6,AW00000568,4ce1f27a-361e-4c9d-9c89-d5e0104ebb96,2014-09-12 11:15:07.263
569,NULL,346,6,AW00000569,3bc5888d-dab7-44ea-91db-a50e0ec70ba5,2014-09-12 11:15:07.263
570,NULL,332,6,AW00000570,8f7e5659-ca92-4048-baff-f4b6e80a8801,2014-09-12 11:15:07.263
571,NULL,1114,7,AW00000571,666a1166-84fc-4e16-8a0c-d8df42f9a865,2014-09-12 11:15:07.263
572,NULL,876,8,AW00000572,b42e4ccc-7ad3-4070-baa3-68ffff09ff1c,2014-09-12 11:15:07.263
573,NULL,300,9,AW00000573,fa67448c-1af6-4f9b-95ce-71dd35604992,2014-09-12 11:15:07.263
574,NULL,1116,10,AW00000574,570c76db-c00e-420c-af27-40e55457ffd4,2014-09-12 11:15:07.263
575,NULL,878,2,AW00000575,18aa89aa-feff-45a5-9f0f-9c18523fdc6c,2014-09-12 11:15:07.263
576,NULL,298,2,AW00000576,566e9fad-966f-4f9f-b9b0-d848eea5b7ac,2014-09-12 11:15:07.263
577,NULL,1118,1,AW00000577,4fd75307-57e3-44b4-99f7-fb0206f5222e,2014-09-12 11:15:07.263
578,NULL,880,1,AW00000578,82b2f273-c9f6-4b40-b0da-f1ae0d6cb581,2014-09-12 11:15:07.263
579,NULL,296,3,AW00000579,ada28df5-683f-47e6-9d05-7c22dd329440,2014-09-12 11:15:07.263
580,NULL,1120,4,AW00000580,fe870de4-818a-495d-ba9e-875cb8212233,2014-09-12 11:15:07.263
581,NULL,882,4,AW00000581,de11580b-02d7-4db2-aeec-eca3e3ccfdc9,2014-09-12 11:15:07.263
582,NULL,294,4,AW00000582,d05ccf47-0563-44ee-8cc9-ecbc5a5a3beb,2014-09-12 11:15:07.263
583,NULL,1796,4,AW00000583,16acf91d-ef89-41cc-86ce-72a39b05e97d,2014-09-12 11:15:07.263
584,NULL,884,5,AW00000584,dd422718-245e-4667-9632-40db67fa70ae,2014-09-12 11:15:07.263
585,NULL,292,5,AW00000585,e50ef6bd-5176-476c-92df-57f22508d085,2014-09-12 11:15:07.263
586,NULL,1798,6,AW00000586,a99cae9b-1011-4551-976c-ec06a5edf5d7,2014-09-12 11:15:07.263
587,NULL,886,6,AW00000587,d4d20d5d-c11e-41d9-8fb7-11cc69aa3fe4,2014-09-12 11:15:07.263
588,NULL,668,6,AW00000588,41dddc8e-86e3-4073-9868-25dcf32918b3,2014-09-12 11:15:07.263
589,NULL,1800,7,AW00000589,412d4ba0-0a0b-4228-bcb8-7682e52d0baa,2014-09-12 11:15:07.263
590,NULL,888,8,AW00000590,00648de8-62f2-46e2-af4b-fb23d0d90642,2014-09-12 11:15:07.263
591,NULL,666,9,AW00000591,41da486f-2232-4b7c-b54a-1fbf4c5299d5,2014-09-12 11:15:07.263
592,NULL,1802,10,AW00000592,13f01a4d-69be-4dc7-9bfc-2339b0011d37,2014-09-12 11:15:07.263
593,NULL,890,2,AW00000593,7bca67b7-833d-40c4-84d9-2e0feeb6726a,2014-09-12 11:15:07.263
594,NULL,664,2,AW00000594,147692e6-80fe-492f-97f6-51d9c5aa0c36,2014-09-12 11:15:07.263
595,NULL,1804,1,AW00000595,9c979e0c-9613-4d25-a2fb-f11db162fe11,2014-09-12 11:15:07.263
596,NULL,892,1,AW00000596,45e57628-05c0-4cf7-b920-446db8449713,2014-09-12 11:15:07.263
597,NULL,1100,4,AW00000597,544a635a-dbdf-4352-8654-eac27dc3b3e0,2014-09-12 11:15:07.263
598,NULL,1806,3,AW00000598,677da2fb-a3ef-4eb3-a520-23afbbf29226,2014-09-12 11:15:07.263
599,NULL,652,4,AW00000599,3b2d46ba-b6e4-44cb-8148-1217a3ccfa89,2014-09-12 11:15:07.263
600,NULL,1098,4,AW00000600,676f1fb0-e203-4e91-a603-b23a7916a565,2014-09-12 11:15:07.263
601,NULL,1808,1,AW00000601,9b833b71-5745-4582-a38d-8c23a0dd4837,2014-09-12 11:15:07.263
602,NULL,654,5,AW00000602,6417a09c-2e36-4378-b394-1dd9a6b55ee1,2014-09-12 11:15:07.263
603,NULL,1096,5,AW00000603,c9b15ef9-6408-4e15-ad44-987c125cb42a,2014-09-12 11:15:07.263
604,NULL,1810,1,AW00000604,16a45c72-62fb-4a9f-bae7-bfea490bd4c4,2014-09-12 11:15:07.263
605,NULL,656,1,AW00000605,0938b90f-1dc9-4f5e-b37d-3dff2dbcd276,2014-09-12 11:15:07.263
606,NULL,1094,3,AW00000606,efb59c1a-467f-4946-bce9-72ea3e3e2236,2014-09-12 11:15:07.263
607,NULL,1812,4,AW00000607,0592bd1d-8a90-4bbc-a5fa-5b10b60b6a3f,2014-09-12 11:15:07.263
608,NULL,478,4,AW00000608,2405c543-8822-44ad-98c6-6fb653fd9a07,2014-09-12 11:15:07.263
609,NULL,1092,4,AW00000609,907af75b-4dbd-4e50-a0c8-3205595987b4,2014-09-12 11:15:07.263
610,NULL,1814,4,AW00000610,383ebd5e-a839-4fc1-95bf-c40ff1245204,2014-09-12 11:15:07.263
611,NULL,480,5,AW00000611,778678cf-63d6-40cf-bf2d-86d351c0ca9c,2014-09-12 11:15:07.263
612,NULL,1090,5,AW00000612,b0ea749c-e28d-409b-b2a2-9409ccf9bfc2,2014-09-12 11:15:07.263
613,NULL,1816,6,AW00000613,05b7b25a-0e97-4f07-9a87-0627f354a45f,2014-09-12 11:15:07.263
614,NULL,482,7,AW00000614,e3ee0533-73c5-4c04-9a57-a18acb731d4f,2014-09-12 11:15:07.263
615,NULL,1088,8,AW00000615,02920412-a161-419a-859d-8baff2eb1386,2014-09-12 11:15:07.263
616,NULL,1818,9,AW00000616,b978d534-47e9-4386-80ad-1bf256b8fefe,2014-09-12 11:15:07.263
617,NULL,1122,10,AW00000617,44f580c3-4d01-41c8-964d-24de6cbe51fc,2014-09-12 11:15:07.263
618,NULL,1086,2,AW00000618,8ee36249-427e-4c11-b909-0a16bf80fbcf,2014-09-12 11:15:07.263
619,NULL,1820,2,AW00000619,d042ff4c-898d-4f53-b14f-1cd6f7f00d6d,2014-09-12 11:15:07.263
620,NULL,1124,1,AW00000620,401c7b5f-4ff0-4e29-9102-319cb883c11d,2014-09-12 11:15:07.263
621,NULL,1084,1,AW00000621,a8acf94d-2b05-4ef4-96ea-87b3466619c5,2014-09-12 11:15:07.263
622,NULL,1822,3,AW00000622,e9a23e4b-7efe-43ad-9b10-789511309827,2014-09-12 11:15:07.263
623,NULL,1126,3,AW00000623,9def17d4-b251-405f-a854-70a33debbbe9,2014-09-12 11:15:07.263
624,NULL,1082,4,AW00000624,eb4b75a2-ca46-4b7d-bcbb-eaa8d41e8659,2014-09-12 11:15:07.263
625,NULL,1824,4,AW00000625,8e200319-3dbd-43a6-8aaa-82d7866314a9,2014-09-12 11:15:07.263
626,NULL,1128,1,AW00000626,03363cf0-df23-4060-b0e1-e023cdf7be08,2014-09-12 11:15:07.263
627,NULL,1080,5,AW00000627,ba3634d3-e69c-4dd5-8de7-990a163a433b,2014-09-12 11:15:07.263
628,NULL,1826,5,AW00000628,af7d3e65-4616-413e-9653-04c8afcc4613,2014-09-12 11:15:07.263
629,NULL,1130,6,AW00000629,2b7a6ff6-7bd4-4e4e-896c-42a76ac54270,2014-09-12 11:15:07.263
630,NULL,1078,6,AW00000630,05b08b9b-b1ea-469e-b314-c43e5a3efe1a,2014-09-12 11:15:07.263
631,NULL,1364,6,AW00000631,fb9dc661-95e0-4e69-9af7-4122cb8aa87a,2014-09-12 11:15:07.263
632,NULL,1958,7,AW00000632,68adce22-0f2e-4d7d-9b70-6a59a68a494c,2014-09-12 11:15:07.263
633,NULL,1076,8,AW00000633,d40f6a52-5e98-407b-8630-d54f13c46dec,2014-09-12 11:15:07.263
634,NULL,1366,9,AW00000634,c2c156f1-4096-47c4-9979-baac98afe790,2014-09-12 11:15:07.263
635,NULL,1960,10,AW00000635,7f84ff66-311c-4396-a5ba-d2470eaada21,2014-09-12 11:15:07.263
636,NULL,1074,2,AW00000636,db14028f-1c36-4f29-a2f9-1f1986c38776,2014-09-12 11:15:07.263
637,NULL,1368,6,AW00000637,65c25750-c07b-431c-9519-bbcaa7aa6b34,2014-09-12 11:15:07.263
638,NULL,1962,7,AW00000638,44c8b67b-30e5-4b4e-9bc0-c3884877d47b,2014-09-12 11:15:07.263
639,NULL,1072,8,AW00000639,444348ef-7b08-4ac7-924c-1baff2a83b4d,2014-09-12 11:15:07.263
640,NULL,1370,9,AW00000640,8ab2c195-e95a-45de-b0d1-02f13d20d0b0,2014-09-12 11:15:07.263
641,NULL,1964,10,AW00000641,321ebc1b-7b5a-449c-8288-26ad3a2d1caa,2014-09-12 11:15:07.263
642,NULL,1070,2,AW00000642,b63bb804-b28a-4948-b3c5-557d548bb1dd,2014-09-12 11:15:07.263
643,NULL,1372,3,AW00000643,a7b5b085-69a9-47d6-bd8c-262910496bbf,2014-09-12 11:15:07.263
644,NULL,1966,1,AW00000644,9ccd22e6-5acf-4378-ba69-1fe722239354,2014-09-12 11:15:07.263
645,NULL,1068,1,AW00000645,6aa86a45-3e16-4c00-ab99-1e429a1c4026,2014-09-12 11:15:07.263
646,NULL,1374,3,AW00000646,78d632cb-9993-46ac-aa5c-45b2f807f681,2014-09-12 11:15:07.263
647,NULL,1968,4,AW00000647,f36e88f4-27e1-4636-9bd4-24daf44c4141,2014-09-12 11:15:07.263
648,NULL,1066,4,AW00000648,a47d117d-1878-4160-8a37-0b1581d441d6,2014-09-12 11:15:07.263
649,NULL,1376,4,AW00000649,6e4f5184-9ca2-4009-a867-331db4b4628a,2014-09-12 11:15:07.263
650,NULL,1970,1,AW00000650,d903d48a-5b03-472e-b802-8500a3c81305,2014-09-12 11:15:07.263
651,NULL,1064,5,AW00000651,7f19db94-95f5-4565-87ec-14d04a27d35f,2014-09-12 11:15:07.263
652,NULL,1378,5,AW00000652,ab7cfe0e-3d01-4eac-a5f8-5e12b9e65984,2014-09-12 11:15:07.263
653,NULL,1972,6,AW00000653,8bdb709b-17bf-4604-a512-26dce6ef0443,2014-09-12 11:15:07.263
654,NULL,1062,6,AW00000654,1a357cac-e4f2-4880-be31-487d92071128,2014-09-12 11:15:07.263
655,NULL,1060,6,AW00000655,35645d53-ff5d-4a0e-9f3a-8024a0d90726,2014-09-12 11:15:07.263
656,NULL,1380,7,AW00000656,71eb335f-005c-4539-8718-fb1c257bc9ef,2014-09-12 11:15:07.263
657,NULL,1974,8,AW00000657,a4023d53-c9d5-4bce-a366-7b185da6a92f,2014-09-12 11:15:07.263
658,NULL,1058,9,AW00000658,226f159e-8716-4b8b-b058-a53e81118822,2014-09-12 11:15:07.263
659,NULL,1382,10,AW00000659,a2098f7b-3d3a-4894-90d7-c79c118845d5,2014-09-12 11:15:07.263
660,NULL,1976,3,AW00000660,9b35a7e0-c72f-4c28-9ef9-9a8124df7215,2014-09-12 11:15:07.263
661,NULL,1056,6,AW00000661,ac14c556-2fcc-4578-ad66-d2f31fca6c51,2014-09-12 11:15:07.263
662,NULL,1384,7,AW00000662,6712ff8a-6c37-4331-a4ed-19e2035ab0e5,2014-09-12 11:15:07.263
663,NULL,420,8,AW00000663,c9cf0f86-efac-4291-94f2-55bb3d779c43,2014-09-12 11:15:07.263
664,NULL,1054,9,AW00000664,5463f242-1cb0-42ed-b5f7-0c22b9929096,2014-09-12 11:15:07.263
665,NULL,1386,10,AW00000665,1fbccc49-197b-4a5f-9aad-42b8ae9ee999,2014-09-12 11:15:07.263
666,NULL,422,2,AW00000666,122555b3-7de3-4960-a9a3-0d19392e54f3,2014-09-12 11:15:07.263
667,NULL,1052,2,AW00000667,5f6d21d3-e8d9-4d8a-8bf1-f52f660252d1,2014-09-12 11:15:07.263
668,NULL,1388,1,AW00000668,91a24a87-81ce-4bdb-b233-0cc9936ccb5a,2014-09-12 11:15:07.263
669,NULL,822,1,AW00000669,c8d30fd5-43d3-4d5c-b54e-3561113caf43,2014-09-12 11:15:07.263
670,NULL,1050,3,AW00000670,f1d69fbe-3932-4b31-a092-6c778d9cd194,2014-09-12 11:15:07.263
671,NULL,1390,4,AW00000671,bf1718c1-a06b-49d9-affa-b445e82b2b9a,2014-09-12 11:15:07.263
672,NULL,824,1,AW00000672,6c3f1514-0e59-467c-ad84-1fcab936e521,2014-09-12 11:15:07.263
673,NULL,1048,1,AW00000673,45cf2a2c-3d06-45f4-9009-fcd4abc19427,2014-09-12 11:15:07.263
674,NULL,1392,4,AW00000674,821ff209-815b-4eaa-806f-9106f3fe9424,2014-09-12 11:15:07.263
675,NULL,826,5,AW00000675,203f7c3a-5bb6-4b58-babf-7ef30292c4f6,2014-09-12 11:15:07.263
676,NULL,1046,5,AW00000676,2aa331a0-6448-4ea9-9a92-0ebf254bdcd3,2014-09-12 11:15:07.263
677,NULL,1394,6,AW00000677,143625ed-18d6-43ed-a1c9-ba18bb5f80c9,2014-09-12 11:15:07.263
678,NULL,828,6,AW00000678,9ae2b1f8-8f7d-4439-99fe-2b67e38de4ee,2014-09-12 11:15:07.263
679,NULL,1044,6,AW00000679,dafe6766-1849-4209-9379-4eae7a05b932,2014-09-12 11:15:07.263
680,NULL,1396,7,AW00000680,9e10d007-b1c1-486f-90cd-4d24bc2396bd,2014-09-12 11:15:07.263
681,NULL,830,8,AW00000681,3b3a9b99-9931-43de-8d4e-713853dd764f,2014-09-12 11:15:07.263
682,NULL,1042,9,AW00000682,2f4b1557-8a9a-45f4-be71-962878e5b360,2014-09-12 11:15:07.263
683,NULL,1398,10,AW00000683,243ef1f5-74d0-4e3c-9b0d-c7aa926f3d64,2014-09-12 11:15:07.263
684,NULL,832,2,AW00000684,673881bf-eb36-4e92-ba45-1f109cfdccbd,2014-09-12 11:15:07.263
685,NULL,1040,6,AW00000685,8559a2d6-b981-41b4-85f9-5507bff4dd6e,2014-09-12 11:15:07.263
686,NULL,1400,7,AW00000686,e3540d69-58e5-4171-800b-44b6253ef411,2014-09-12 11:15:07.263
687,NULL,834,8,AW00000687,360f6a77-2b9b-4863-8c55-8f570f525092,2014-09-12 11:15:07.263
688,NULL,1038,9,AW00000688,ff416568-8635-4c21-b8a0-82494c57f1e2,2014-09-12 11:15:07.263
689,NULL,1402,10,AW00000689,af583e23-093c-4232-b886-a1ee64bcd3c9,2014-09-12 11:15:07.263
690,NULL,836,2,AW00000690,be9d4cd7-a224-48a1-b599-720b07043949,2014-09-12 11:15:07.263
691,NULL,1036,2,AW00000691,6c7f3484-142c-425a-a0f9-ba2201079a5c,2014-09-12 11:15:07.263
692,NULL,802,1,AW00000692,9ee96279-78d5-49b7-ac4a-1c43cfb80249,2014-09-12 11:15:07.263
693,NULL,838,1,AW00000693,3b38d4cb-9573-4686-a202-9179dbefc7b8,2014-09-12 11:15:07.263
694,NULL,1034,3,AW00000694,d3e874dc-a10c-4055-b943-9dbd5cfe8c89,2014-09-12 11:15:07.263
695,NULL,638,3,AW00000695,77a62d9c-4ed6-4266-ae35-40cc330acc5e,2014-09-12 11:15:07.263
696,NULL,840,1,AW00000696,a0140dd4-4d10-4091-9d89-95873dae9bb7,2014-09-12 11:15:07.263
697,NULL,1032,1,AW00000697,b30ce5b4-bbfa-4a57-b5c2-eed1ef13e0be,2014-09-12 11:15:07.263
698,NULL,640,1,AW00000698,6bc4ff5a-0696-4c2a-88f9-08d1dba91b74,2014-09-12 11:15:07.263
699,NULL,842,5,AW00000699,38a528aa-0402-4ed9-abbb-983bceb37d40,2014-09-12 11:15:07.263
700,NULL,1030,5,AW00000700,540fb57f-f81a-4794-8e9a-c071c4f0bc18,2014-09-12 11:15:07.263
701,NULL,844,6,AW00000701,61ae9625-8bd8-48b7-b171-8a90cbba494c,2014-09-12 11:15:07.263
11000,13531,NULL,9,AW00011000,477586b3-2977-4e54-b1a8-569ab2c7c4d4,2014-09-12 11:15:07.263
11001,5454,NULL,9,AW00011001,c32a8084-9077-4f13-9738-1e2da7c1dcd9,2014-09-12 11:15:07.263
11002,11269,NULL,9,AW00011002,45715dd8-2f57-4a39-beb4-6a8f99d59794,2014-09-12 11:15:07.263
11003,11358,NULL,9,AW00011003,7e240efc-7ee6-4814-93a8-269821157e18,2014-09-12 11:15:07.263
11004,11901,NULL,9,AW00011004,61ccb4d0-2328-4bbb-aef9-e7e0b0fdd67a,2014-09-12 11:15:07.263
11005,6990,NULL,9,AW00011005,c3057568-1851-4728-aeae-65683458f474,2014-09-12 11:15:07.263
11006,6229,NULL,9,AW00011006,5fdd038a-9b9c-4cd5-aca6-de2778a79ee9,2014-09-12 11:15:07.263
11007,3878,NULL,9,AW00011007,af6b5314-8fee-4464-984b-0d2ba9b369d0,2014-09-12 11:15:07.263
11008,14673,NULL,9,AW00011008,d7e429f4-6e67-48ac-bbf9-45ecb5ec0f28,2014-09-12 11:15:07.263
11009,20229,NULL,9,AW00011009,aa4fc27f-b78c-4223-bdba-cfd3e3df8884,2014-09-12 11:15:07.263
11010,6377,NULL,9,AW00011010,13eb4393-a5cc-4481-b8fd-e47118445fa6,2014-09-12 11:15:07.263
11011,18258,NULL,9,AW00011011,7e72d957-ca34-4aeb-9213-1302d24a949f,2014-09-12 11:15:07.263
11012,11663,NULL,1,AW00011012,2fc32ad9-a7e0-4505-9ba8-e5d2fb46ae4d,2014-09-12 11:15:07.263
11013,13873,NULL,1,AW00011013,02d51f2d-a991-4c17-8139-b14d84c317aa,2014-09-12 11:15:07.263
11014,2868,NULL,1,AW00011014,4272becd-8f4f-4776-b45e-432967565198,2014-09-12 11:15:07.263
11015,10963,NULL,4,AW00011015,f791bd74-eb82-4631-b9fc-f9fee621fd13,2014-09-12 11:15:07.263
11016,3800,NULL,4,AW00011016,023843ca-25fb-42bf-ac37-faf6f4120dac,2014-09-12 11:15:07.263
11017,2521,NULL,9,AW00011017,beeb1f0c-84b2-4b63-ae28-b7d02f10924e,2014-09-12 11:15:07.263
11018,7394,NULL,9,AW00011018,4400ee2f-3b7e-480c-b02b-cffbf4aab6ec,2014-09-12 11:15:07.263
11019,5132,NULL,6,AW00011019,794fad9a-063a-4c68-9bb0-fc956039cc66,2014-09-12 11:15:07.263
11020,17128,NULL,6,AW00011020,64af6f89-c0ce-4b1c-8bba-8c605efd5712,2014-09-12 11:15:07.263
11021,11489,NULL,1,AW00011021,12ce448e-038f-4c54-a3f7-c9f0dc9ee66d,2014-09-12 11:15:07.263
11022,6522,NULL,1,AW00011022,25d8cc95-225b-41b3-a666-457c80245126,2014-09-12 11:15:07.263
11023,4373,NULL,4,AW00011023,a2833bd8-44a8-4665-808e-33e19ecd7f54,2014-09-12 11:15:07.263
11024,16843,NULL,4,AW00011024,ee8eebf8-117c-4027-873d-6113b0e97489,2014-09-12 11:15:07.263
11025,12565,NULL,9,AW00011025,379ab480-4d1a-4a41-b0fc-eb6f9ccb69ce,2014-09-12 11:15:07.263
11026,2857,NULL,9,AW00011026,e0834203-936e-4403-a732-3213d27ea4c7,2014-09-12 11:15:07.263
11027,5526,NULL,9,AW00011027,e7368285-fad6-4d30-b4e4-1640714c887e,2014-09-12 11:15:07.263
11028,15088,NULL,9,AW00011028,285348ed-bb45-47a4-8e24-01afc59e582d,2014-09-12 11:15:07.263
11029,15638,NULL,9,AW00011029,f5e08136-6ec8-4e36-b847-1c28e252073a,2014-09-12 11:15:07.263
11030,17272,NULL,9,AW00011030,c3024273-59f4-4efd-8ed9-71cac3047bcb,2014-09-12 11:15:07.263
11031,13917,NULL,9,AW00011031,0b39fd05-f72a-40d6-96eb-1cdc0f40e554,2014-09-12 11:15:07.263
11032,16240,NULL,9,AW00011032,b99e8c9c-40c2-4f71-b1f8-c7257f747022,2014-09-12 11:15:07.263
11033,9475,NULL,9,AW00011033,d53773f1-4a6d-4976-9579-b7276371c356,2014-09-12 11:15:07.263
11034,9657,NULL,9,AW00011034,ff1c2d92-9767-4bb4-908e-b64996816b8f,2014-09-12 11:15:07.263
11035,13948,NULL,9,AW00011035,064d6203-b7dd-4876-9e19-e1d1f0a84c09,2014-09-12 11:15:07.263
11036,20539,NULL,4,AW00011036,2e40beaf-4a55-4e4d-a87d-009cc27d4378,2014-09-12 11:15:07.263
11037,11014,NULL,6,AW00011037,08e861e0-7ee8-4e09-bb02-d766b4480608,2014-09-12 11:15:07.263
11038,18643,NULL,9,AW00011038,ca85bef7-bc8e-41ba-b8c7-0dd06db5d55a,2014-09-12 11:15:07.263
11039,15676,NULL,9,AW00011039,6bd36822-5f3a-4094-bef7-238ff4b7bd09,2014-09-12 11:15:07.263
11040,15080,NULL,1,AW00011040,efc21923-9d03-4e94-a18a-7100cc2453f4,2014-09-12 11:15:07.263
11041,9940,NULL,4,AW00011041,29d5478f-d80d-4eba-b28a-dde2b25be2a6,2014-09-12 11:15:07.263
11042,19075,NULL,4,AW00011042,3dd544eb-b89b-476e-b27b-b295ca8bd496,2014-09-12 11:15:07.263
11043,5960,NULL,4,AW00011043,8ac7779c-c7da-4e4a-8f56-24282eaa2c6a,2014-09-12 11:15:07.263
11044,5244,NULL,9,AW00011044,f7691b2e-2209-4649-a3dc-2bc9a77349ea,2014-09-12 11:15:07.263
11045,5225,NULL,9,AW00011045,ee86de3e-fc4e-499a-be1e-53c3c25427f1,2014-09-12 11:15:07.263
11046,19870,NULL,9,AW00011046,3903b00b-9211-4be0-83d5-8ec81db91978,2014-09-12 11:15:07.263
11047,12928,NULL,9,AW00011047,8f13743a-daac-49ac-93f1-81a18e8a3c45,2014-09-12 11:15:07.263
11048,13513,NULL,9,AW00011048,47466437-baff-4fdb-9cb3-43cd63c44090,2014-09-12 11:15:07.263
11049,8749,NULL,4,AW00011049,f00281d9-bf3e-4776-b4e6-cbe3166d3610,2014-09-12 11:15:07.263
11050,17337,NULL,9,AW00011050,0cc04139-c798-44e8-8925-68aaa2eb6bcf,2014-09-12 11:15:07.263
11051,18655,NULL,9,AW00011051,bac01663-677f-4ee2-becb-b993f3014dad,2014-09-12 11:15:07.263
11052,15276,NULL,9,AW00011052,00d626d5-0cb2-4ef9-9bbe-72dd461b8dbb,2014-09-12 11:15:07.263
11053,7430,NULL,4,AW00011053,1264c3bd-3a2e-434b-92e0-81ada7755673,2014-09-12 11:15:07.263
11054,9790,NULL,9,AW00011054,cfa862ab-059f-469a-b5c4-79316ebb12aa,2014-09-12 11:15:07.263
11055,9489,NULL,9,AW00011055,2144e3b6-1a61-40b3-8f15-adab24a50672,2014-09-12 11:15:07.263
11056,8428,NULL,9,AW00011056,b1d5e176-89a5-4bd9-ab70-7383f59942f6,2014-09-12 11:15:07.263
11057,16962,NULL,9,AW00011057,9cfb6105-3600-429b-94d3-b43b3b8c17e2,2014-09-12 11:15:07.263
11058,15681,NULL,9,AW00011058,373a05a2-0fc7-4eec-a424-13580486b3db,2014-09-12 11:15:07.263
11059,8960,NULL,9,AW00011059,cd00fb6e-f051-4b9c-b146-0c56f948f9b0,2014-09-12 11:15:07.263
11060,13542,NULL,9,AW00011060,da28e6a2-4f81-431a-b962-70d20b0e2488,2014-09-12 11:15:07.263
11061,18220,NULL,9,AW00011061,6941b86b-cd2e-4e0a-9020-bf1b2c53d3eb,2014-09-12 11:15:07.263
11062,6096,NULL,1,AW00011062,7876d82c-9ced-4334-826e-9a911cca9507,2014-09-12 11:15:07.263
11063,8821,NULL,1,AW00011063,5adab70b-f46c-46e0-8def-c888bcc6faee,2014-09-12 11:15:07.263
11064,15436,NULL,4,AW00011064,75b5807f-b282-4500-85cc-f96895adeb40,2014-09-12 11:15:07.263
11065,3510,NULL,4,AW00011065,253ee85e-a5eb-49a5-a490-45ca22f02643,2014-09-12 11:15:07.263
11066,19662,NULL,1,AW00011066,22a33534-822c-4d8e-ad54-fce02e94465b,2014-09-12 11:15:07.263
11067,16424,NULL,1,AW00011067,cb56b16e-70df-40fc-a8d4-7969a307933e,2014-09-12 11:15:07.263
11068,2676,NULL,9,AW00011068,23a9567a-6ec9-49ac-94d0-be7807e0128e,2014-09-12 11:15:07.263
11069,10008,NULL,9,AW00011069,e7a66f60-ab99-431d-a66b-267a85d51520,2014-09-12 11:15:07.263
11070,13417,NULL,9,AW00011070,c74bf39a-db2d-4d88-9dd2-04d1b993075f,2014-09-12 11:15:07.263
11071,13827,NULL,9,AW00011071,30e32fbd-fbc2-46ea-8535-c71ee1571604,2014-09-12 11:15:07.263
11072,16284,NULL,9,AW00011072,ab4719bf-5d30-4a5e-89db-cf04632d645b,2014-09-12 11:15:07.263
11073,20712,NULL,9,AW00011073,41b52ce5-5734-4556-8540-51fb9957a9ad,2014-09-12 11:15:07.263
11074,7914,NULL,9,AW00011074,dfd70f77-99c7-4d4d-b176-cfbb57a1044d,2014-09-12 11:15:07.263
11075,14267,NULL,9,AW00011075,0771c4ac-3393-45c9-bcaa-3cb64322bedb,2014-09-12 11:15:07.263
11076,4157,NULL,9,AW00011076,ef4a862e-2fb9-46a0-84fb-d10df2acb92e,2014-09-12 11:15:07.263
11077,17455,NULL,9,AW00011077,6d7e8f4b-da6c-47cc-95c1-a0fac94af1a4,2014-09-12 11:15:07.263
11078,15039,NULL,6,AW00011078,1ac61514-d3c9-4272-a9bd-fbab52014150,2014-09-12 11:15:07.263
11079,20058,NULL,9,AW00011079,d1fda7e1-b46d-421e-9898-4e54633bd269,2014-09-12 11:15:07.263
11080,14268,NULL,9,AW00011080,232af4c6-2995-4e5e-88e2-2afda2f9e969,2014-09-12 11:15:07.263
11081,10369,NULL,4,AW00011081,ec76b3be-c08a-41f6-8a26-6603625ce2ee,2014-09-12 11:15:07.263
11082,7672,NULL,4,AW00011082,114bc13b-09ae-4ee6-8551-3a3dab78ccbc,2014-09-12 11:15:07.263
11083,20135,NULL,4,AW00011083,1f94dc32-8d2f-4daa-8845-e4f2551a4f67,2014-09-12 11:15:07.263
11084,4281,NULL,1,AW00011084,c6a0a93d-acd5-457a-82d0-c6d48ba1916c,2014-09-12 11:15:07.263
11085,12219,NULL,4,AW00011085,a7c535ea-9948-4afe-aeb4-921a8cf8f427,2014-09-12 11:15:07.263
11086,17979,NULL,4,AW00011086,281b0ad7-8e06-4405-8346-65eaaeff5489,2014-09-12 11:15:07.263
11087,11871,NULL,4,AW00011087,9f25228f-3c0d-4fe4-98e6-31c87bf08443,2014-09-12 11:15:07.263
11088,17897,NULL,4,AW00011088,1591bf76-d1b7-4b3c-85cc-54e492a2aed9,2014-09-12 11:15:07.263
11089,3950,NULL,4,AW00011089,d0cc40a9-62af-4ce3-8798-115aa959d406,2014-09-12 11:15:07.263
11090,12846,NULL,4,AW00011090,267b777d-7e62-42ee-bf32-24fd1df21876,2014-09-12 11:15:07.263
11091,4515,NULL,6,AW00011091,1b0b673b-4623-4a49-99bd-1a6577efda28,2014-09-12 11:15:07.263
11092,6174,NULL,9,AW00011092,85e8a779-08ae-4268-8bec-87249af5bb13,2014-09-12 11:15:07.263
11093,5827,NULL,9,AW00011093,acbf47bc-662b-48fe-9a67-ae2d3e7fa093,2014-09-12 11:15:07.263
11094,3504,NULL,9,AW00011094,affb72a8-6585-428a-a312-ba2888755a2d,2014-09-12 11:15:07.263
11095,20332,NULL,9,AW00011095,aaa340f3-c61c-4dba-91bd-f6cf3858dbc5,2014-09-12 11:15:07.263
11096,5114,NULL,9,AW00011096,c85a309f-5ec7-4e3b-b48c-7f9995b3086f,2014-09-12 11:15:07.263
11097,13205,NULL,9,AW00011097,0140eec0-0441-471d-aa89-d29154a4d9bc,2014-09-12 11:15:07.263
11098,5986,NULL,9,AW00011098,af4c1e1b-31c7-4d33-a997-84d79f132efa,2014-09-12 11:15:07.263
11099,5231,NULL,9,AW00011099,b06557e9-390d-457e-9661-b79f8f972d1e,2014-09-12 11:15:07.263
11100,6138,NULL,9,AW00011100,f36988b9-ccf4-4cbc-a8d8-e996a570aed9,2014-09-12 11:15:07.263
11101,17810,NULL,9,AW00011101,8c4d6959-277a-46f4-a4d2-d254a8202ba2,2014-09-12 11:15:07.263
11102,9866,NULL,9,AW00011102,2d193429-e624-49bc-95a2-cade7eff6a59,2014-09-12 11:15:07.263
11103,8905,NULL,9,AW00011103,a482d6ed-7177-4dd7-9808-a52e71e94570,2014-09-12 11:15:07.263
11104,8139,NULL,9,AW00011104,9241e404-efdc-4e01-a6c0-2cf667a9ab2d,2014-09-12 11:15:07.263
11105,15430,NULL,9,AW00011105,9dc573c2-6b77-4b07-b386-74f0708b7c14,2014-09-12 11:15:07.263
11106,5510,NULL,9,AW00011106,78fe7eb6-d1a4-46a2-8fd7-d389b923209e,2014-09-12 11:15:07.263
11107,4781,NULL,9,AW00011107,f2f37d5b-0e21-4786-83b2-edbf1983ba4c,2014-09-12 11:15:07.263
11108,10536,NULL,9,AW00011108,1fe196d3-ce57-45b4-9fba-e836f1b42a32,2014-09-12 11:15:07.263
11109,11186,NULL,9,AW00011109,6a4fbb68-0869-4eb2-bc87-ea1680377e5e,2014-09-12 11:15:07.263
11110,18247,NULL,9,AW00011110,f7b2358e-a22c-4c6e-9676-1b49bc79505d,2014-09-12 11:15:07.263
11111,10647,NULL,9,AW00011111,57f03d9c-ebc9-48d9-a120-69ef65d5f461,2014-09-12 11:15:07.263
11112,20739,NULL,9,AW00011112,1d29be0a-ccfe-4dca-9a49-9bc394910234,2014-09-12 11:15:07.263
11113,14592,NULL,9,AW00011113,440d5a76-e1c8-42a0-85c7-ca3387b1f27c,2014-09-12 11:15:07.263
11114,18519,NULL,9,AW00011114,0141bdcc-508b-4319-b183-ff5c8fdf8280,2014-09-12 11:15:07.263
11115,4765,NULL,9,AW00011115,722196b3-8fc2-41ec-9b30-6144020f06a4,2014-09-12 11:15:07.263
11116,14638,NULL,9,AW00011116,016e11e1-d016-4130-bd92-09f41b1fbbb4,2014-09-12 11:15:07.263
11117,20526,NULL,9,AW00011117,0670c832-879b-4c2e-a589-e2744a4200be,2014-09-12 11:15:07.263
11118,4788,NULL,9,AW00011118,007215c1-7bac-4168-a270-7fe030f0eb3d,2014-09-12 11:15:07.263
11119,14595,NULL,9,AW00011119,efee13a6-9c14-4483-98ad-813be0d54e73,2014-09-12 11:15:07.263
11120,6073,NULL,9,AW00011120,23d1892e-6e16-442f-892f-98d14772696f,2014-09-12 11:15:07.263
11121,19001,NULL,9,AW00011121,d99c478d-e916-4cb6-bd97-8f6480f97069,2014-09-12 11:15:07.263
11122,19748,NULL,9,AW00011122,1320d507-ef8e-4371-99c3-fe71783e4fc3,2014-09-12 11:15:07.263
11123,19185,NULL,9,AW00011123,e440c90e-360e-4468-8082-08235630480d,2014-09-12 11:15:07.263
11124,11743,NULL,9,AW00011124,1ca41333-a7d9-45cb-b7a9-dd82de28707a,2014-09-12 11:15:07.263
11125,17820,NULL,9,AW00011125,73c45b55-8ab5-4aae-80bf-0356896c2f45,2014-09-12 11:15:07.263
11126,17105,NULL,9,AW00011126,8a62c611-387e-405e-8acf-a8879ab673cf,2014-09-12 11:15:07.263
11127,9367,NULL,4,AW00011127,b4cf8684-97e8-49d4-a243-7170d181f0e2,2014-09-12 11:15:07.263
11128,12533,NULL,1,AW00011128,178c170d-643f-419b-8c4f-c10a75b091fa,2014-09-12 11:15:07.263
11129,10538,NULL,1,AW00011129,4dd69edb-97fa-4ae6-93c4-ceab36064fd2,2014-09-12 11:15:07.263
11130,6801,NULL,1,AW00011130,936ea915-f6db-4511-baba-07a6e90e7a8e,2014-09-12 11:15:07.263
11131,3003,NULL,6,AW00011131,d3c8a7db-1052-4975-a505-96486c3933e6,2014-09-12 11:15:07.263
11132,8490,NULL,6,AW00011132,186f5d96-7176-46df-84b0-b184bbb9a91b,2014-09-12 11:15:07.263
11133,7681,NULL,1,AW00011133,5ae3f497-6cdb-4234-8e85-5e04e0dd907d,2014-09-12 11:15:07.263
11134,18439,NULL,9,AW00011134,595dbc78-ad36-428b-bdd0-bcdc93b4fdfe,2014-09-12 11:15:07.263
11135,4624,NULL,4,AW00011135,3120f812-62c8-4011-b4c8-4bfa6e3ac047,2014-09-12 11:15:07.263
11136,19196,NULL,6,AW00011136,65edeb34-ac8a-42a2-959a-a07a0a8776c1,2014-09-12 11:15:07.263
11137,11395,NULL,1,AW00011137,e1eab021-ad25-41be-9e29-95db2c894e17,2014-09-12 11:15:07.263
11138,11623,NULL,4,AW00011138,2455fdc7-4d30-4ba1-9263-2e963cba0b16,2014-09-12 11:15:07.263
11139,14017,NULL,9,AW00011139,7d11b164-2d4b-499e-a3e0-c0250d4ff606,2014-09-12 11:15:07.263
11140,13623,NULL,4,AW00011140,f49dcc7c-f543-4685-bf92-3bef790c46bf,2014-09-12 11:15:07.263
11141,19930,NULL,4,AW00011141,5e43961d-be98-4109-a992-14095a3b852d,2014-09-12 11:15:07.263
11142,13742,NULL,6,AW00011142,654800a7-feb0-44cd-afb9-bae5e9b01a0d,2014-09-12 11:15:07.263
11143,6401,NULL,4,AW00011143,7337bcf6-fcc1-409d-9b37-8ab6f5533c1c,2014-09-12 11:15:07.263
11144,4268,NULL,1,AW00011144,4904d406-e2be-4f9a-a17c-b29fa7b7ff04,2014-09-12 11:15:07.263
11145,19848,NULL,1,AW00011145,b28743c9-39a3-4cb8-97de-ecce4eb280d7,2014-09-12 11:15:07.263
11146,3532,NULL,9,AW00011146,255f3782-fd83-491c-9745-e4b15be78e2a,2014-09-12 11:15:07.263
11147,6463,NULL,9,AW00011147,e36a142c-e1a8-47e8-82c5-174ba3b351b3,2014-09-12 11:15:07.263
11148,11820,NULL,9,AW00011148,c07c2fe1-750c-4398-992d-99cf33908548,2014-09-12 11:15:07.263
11149,6747,NULL,9,AW00011149,f46991db-7958-46e7-b49e-109bc51b5fec,2014-09-12 11:15:07.263
11150,16842,NULL,9,AW00011150,5b0ead90-2038-4f92-a832-02c6b70816ee,2014-09-12 11:15:07.263
11151,14076,NULL,9,AW00011151,ff4a8dbf-660d-4c56-9cb4-84052c76b1ed,2014-09-12 11:15:07.263
11152,17585,NULL,1,AW00011152,5ff2b0f5-9765-4b48-bb05-561491d4eeef,2014-09-12 11:15:07.263
11153,8391,NULL,1,AW00011153,33b253dc-b93b-4261-97c3-13d91a74c925,2014-09-12 11:15:07.263
11154,11703,NULL,1,AW00011154,cceac7b8-4abc-46eb-b9a6-d5641fbf37b7,2014-09-12 11:15:07.263
11155,17211,NULL,4,AW00011155,2a172ad8-18f8-4488-bfb1-d2c1db5c5b2b,2014-09-12 11:15:07.263
11156,9548,NULL,4,AW00011156,ef980b59-0054-48c9-b657-6d660bf362fc,2014-09-12 11:15:07.263
11157,13038,NULL,1,AW00011157,ac60ab6e-6a1e-4881-80e5-935cd01e927f,2014-09-12 11:15:07.263
11158,17031,NULL,4,AW00011158,172bd46e-7d8b-4560-97f5-93b4c5d7d31d,2014-09-12 11:15:07.263
11159,19259,NULL,4,AW00011159,fd88c5c8-a30d-4602-9f84-bf2f54c1d1cf,2014-09-12 11:15:07.263
11160,9050,NULL,4,AW00011160,314367c1-426f-492e-a4f6-23f0148789cb,2014-09-12 11:15:07.263
11161,12985,NULL,4,AW00011161,86726b97-a63d-46e4-8314-a6cb220a399c,2014-09-12 11:15:07.263
11162,14792,NULL,4,AW00011162,8d897933-235e-4797-8ed7-6953ec9e06ee,2014-09-12 11:15:07.263
11163,5872,NULL,4,AW00011163,86997cf3-1aed-46b0-bbe5-ec72a516763c,2014-09-12 11:15:07.263
11164,14151,NULL,4,AW00011164,b77765b0-ea13-40b8-923d-e3b7786c5159,2014-09-12 11:15:07.263
11165,7251,NULL,4,AW00011165,2157e3b6-9f36-4a99-9c47-b5fceded4e16,2014-09-12 11:15:07.263
11166,12441,NULL,1,AW00011166,ca7e2c72-5f99-4d6d-a491-2a7fd760995b,2014-09-12 11:15:07.263
11167,19844,NULL,1,AW00011167,20efa56f-e8b7-4700-acbe-b84e5c4b42b5,2014-09-12 11:15:07.263
11168,18143,NULL,4,AW00011168,5e96ea47-3895-49f4-bbdd-1170dc3d9311,2014-09-12 11:15:07.263
11169,14713,NULL,4,AW00011169,45fea86e-bc73-4caf-a9de-d6b1c74c764d,2014-09-12 11:15:07.263
11170,3164,NULL,1,AW00011170,22913e1d-e16c-4fc5-a435-d6dce946aa6a,2014-09-12 11:15:07.263
11171,16623,NULL,4,AW00011171,cb3e5b8b-2a5d-4f3e-b438-a52863394471,2014-09-12 11:15:07.263
11172,10282,NULL,1,AW00011172,e78ea518-d4a9-4a51-9223-204103f7b4e1,2014-09-12 11:15:07.263
11173,12474,NULL,1,AW00011173,618b8371-a706-4e2f-b591-92a94374e3f0,2014-09-12 11:15:07.263
11174,19012,NULL,4,AW00011174,61e5207c-20ce-4acc-a296-51b952f0cb18,2014-09-12 11:15:07.263
11175,5468,NULL,4,AW00011175,836efa07-4c07-418a-a99c-18f78dcf6d06,2014-09-12 11:15:07.263
11176,15994,NULL,6,AW00011176,3464757c-e9d8-42b0-888b-5c316c8633f3,2014-09-12 11:15:07.263
11177,5651,NULL,4,AW00011177,04d9ad85-7194-4e5f-89c3-1bd801761603,2014-09-12 11:15:07.263
11178,17696,NULL,4,AW00011178,0bce9ad6-6bd5-4ed5-83f2-500b0c789e33,2014-09-12 11:15:07.263
11179,16169,NULL,4,AW00011179,5af35a8d-2f4e-4f49-8395-ccd31a7bb229,2014-09-12 11:15:07.263
11180,20564,NULL,4,AW00011180,52a330e9-7561-4485-a79b-cbffa2097c4a,2014-09-12 11:15:07.263
11181,4935,NULL,4,AW00011181,318cda27-df61-4e21-a4c2-c2b7da0d987c,2014-09-12 11:15:07.263
11182,3087,NULL,1,AW00011182,c8417277-861e-45eb-8c8b-940753ca9d90,2014-09-12 11:15:07.263
11183,11425,NULL,4,AW00011183,d100e1d7-5829-4c0a-828a-b04fcd399219,2014-09-12 11:15:07.263
11184,18783,NULL,4,AW00011184,0ff55283-ce4b-4666-a64e-071ef84744ec,2014-09-12 11:15:07.263
11185,12569,NULL,6,AW00011185,9722c311-829b-4df5-8fd3-d2742c097b6d,2014-09-12 11:15:07.263
11186,12608,NULL,4,AW00011186,b51032e3-2623-4fdd-8f81-5a8680a2d9b0,2014-09-12 11:15:07.263
11187,20457,NULL,1,AW00011187,a52b436a-1532-4385-986f-66be0836ad54,2014-09-12 11:15:07.263
11188,9002,NULL,4,AW00011188,8af7c9c8-b802-419f-b073-171bdb5374dc,2014-09-12 11:15:07.263
11189,14459,NULL,1,AW00011189,579dff3e-c102-4a2b-ab47-705060610e3f,2014-09-12 11:15:07.263
11190,13265,NULL,4,AW00011190,f8a4570b-9143-431d-b3f1-abad5089fd30,2014-09-12 11:15:07.263
11191,10722,NULL,4,AW00011191,728d9425-2d92-4313-955d-bc776625aa24,2014-09-12 11:15:07.263
11192,17599,NULL,1,AW00011192,fb0eaf09-5121-42c5-b0c6-3568c3bcfef2,2014-09-12 11:15:07.263
11193,14519,NULL,1,AW00011193,46248244-5b58-4497-8a5c-ea5d5d90db5d,2014-09-12 11:15:07.263
11194,7727,NULL,4,AW00011194,03835401-c9d0-4c6c-a089-c9930cbc6445,2014-09-12 11:15:07.263
11195,19140,NULL,1,AW00011195,9b68fe70-68c7-477e-ba88-5ef7d3a817e2,2014-09-12 11:15:07.263
11196,2800,NULL,1,AW00011196,2e6eab45-4534-4fec-8703-73d1205a7efb,2014-09-12 11:15:07.263
11197,9000,NULL,1,AW00011197,89196bc4-980c-4fa3-ba48-e5bb97647647,2014-09-12 11:15:07.263
11198,8052,NULL,4,AW00011198,3e5e07f3-6806-4b01-a7c4-f98b34af8634,2014-09-12 11:15:07.263
11199,7729,NULL,4,AW00011199,1d735c67-e7ad-492a-a63a-9fc04293bf07,2014-09-12 11:15:07.263
11200,5409,NULL,6,AW00011200,a6e1b02a-306c-4e4a-b028-50ea7a90b2ed,2014-09-12 11:15:07.263
11201,3054,NULL,4,AW00011201,aad968e6-e34a-4de4-a8ad-c37d16e2b250,2014-09-12 11:15:07.263
11202,7092,NULL,4,AW00011202,b816c3e3-3ffc-4ed3-bf18-698a59f44c31,2014-09-12 11:15:07.263
11203,5463,NULL,6,AW00011203,f2312406-601b-4223-bfaa-baba69550635,2014-09-12 11:15:07.263
11204,20019,NULL,1,AW00011204,37cbb06b-a879-46f1-8eef-b29ae040ea48,2014-09-12 11:15:07.263
11205,18028,NULL,1,AW00011205,a00d9dd1-d961-405a-aebb-ac9ea5be7c15,2014-09-12 11:15:07.263
11206,13604,NULL,1,AW00011206,4eb6a1ab-0d6f-4095-a00c-545396bc1993,2014-09-12 11:15:07.263
11207,8512,NULL,1,AW00011207,0f5c719c-e5e5-48aa-9526-117a697914b0,2014-09-12 11:15:07.263
11208,3225,NULL,4,AW00011208,c32fea35-579d-4f13-b8c4-9bdd98a49652,2014-09-12 11:15:07.263
11209,9318,NULL,4,AW00011209,2b3ac9b1-0b86-4efa-b433-bf6dc68e13d0,2014-09-12 11:15:07.263
11210,13628,NULL,4,AW00011210,51b7341b-b9b8-4fa2-874f-00294caf467a,2014-09-12 11:15:07.263
11211,12549,NULL,6,AW00011211,e1285da5-60d6-441d-aebf-c11a5eb69baa,2014-09-12 11:15:07.263
11212,9700,NULL,6,AW00011212,870c1e21-882b-4750-b9e5-6d98f9573e04,2014-09-12 11:15:07.263
11213,3074,NULL,1,AW00011213,55254b4b-3984-4f50-9a1f-93b1622608aa,2014-09-12 11:15:07.263
11214,4847,NULL,1,AW00011214,28f11530-4957-4aac-bfc2-0ff781f73e24,2014-09-12 11:15:07.263
11215,7440,NULL,6,AW00011215,02d1f9cc-f015-4306-aed6-9579102026ef,2014-09-12 11:15:07.263
11216,19820,NULL,1,AW00011216,4c8314bf-0d5e-4845-99bb-3e12f3ab220b,2014-09-12 11:15:07.263
11217,10262,NULL,1,AW00011217,6ad25f91-0313-4811-a423-a34439701d6e,2014-09-12 11:15:07.263
11218,11750,NULL,1,AW00011218,3cc359e7-c4e7-4c59-850f-477886eeb024,2014-09-12 11:15:07.263
11219,15531,NULL,1,AW00011219,403bf5b5-9757-4660-9e8a-67531a36cbf9,2014-09-12 11:15:07.263
11220,2477,NULL,4,AW00011220,841eaf8d-00ac-408f-99ed-1e66efbe66bd,2014-09-12 11:15:07.263
11221,5941,NULL,4,AW00011221,b149c583-b3e0-4d90-b905-b26e4c0f3c96,2014-09-12 11:15:07.263
11222,2773,NULL,4,AW00011222,741654e8-ed9a-4b7e-8410-f8f141f73ee4,2014-09-12 11:15:07.263
11223,3197,NULL,6,AW00011223,72bfa246-56c5-4307-914a-04dd9c0f2a34,2014-09-12 11:15:07.263
11224,2656,NULL,1,AW00011224,158bc30a-04b4-4e0c-9fbf-302208462273,2014-09-12 11:15:07.263
11225,12350,NULL,1,AW00011225,cc9a216f-e02e-45d9-bfe9-906759f3c73f,2014-09-12 11:15:07.263
11226,2873,NULL,1,AW00011226,dbf20b18-4f6d-4853-89dc-728f068b30fb,2014-09-12 11:15:07.263
11227,11590,NULL,4,AW00011227,98d0f097-b4f1-43cf-847b-1acd674ca700,2014-09-12 11:15:07.263
11228,12412,NULL,4,AW00011228,106bb248-e43c-4489-88ed-f9687d86a0af,2014-09-12 11:15:07.263
11229,15841,NULL,4,AW00011229,be528bff-fd36-4027-913d-cf532f972b1b,2014-09-12 11:15:07.263
11230,9612,NULL,4,AW00011230,f04c2f9e-557b-4854-abda-6f418912f14a,2014-09-12 11:15:07.263
11231,17885,NULL,1,AW00011231,9fa72f06-ca29-4f0e-8578-2e15386fb1f7,2014-09-12 11:15:07.263
11232,3210,NULL,1,AW00011232,28cabc22-c13a-4507-a8ac-e135f7ba3411,2014-09-12 11:15:07.263
11233,18194,NULL,4,AW00011233,b2f3dc1a-67c4-43a9-ac5b-7dcdf079499a,2014-09-12 11:15:07.263
11234,3686,NULL,4,AW00011234,c4451355-c5e1-4aaf-b61c-f02dfc248154,2014-09-12 11:15:07.263
11235,15802,NULL,1,AW00011235,c72f7bf4-3787-4979-ab4a-51e369fd0801,2014-09-12 11:15:07.263
11236,13521,NULL,1,AW00011236,f80670a5-ad53-4296-9c63-8d2f3d45b22e,2014-09-12 11:15:07.263
11237,7511,NULL,8,AW00011237,7ef7c3c5-9cb6-4f77-94e1-576c19e341c6,2014-09-12 11:15:07.263
11238,3392,NULL,10,AW00011238,9dd00331-cd15-46fb-8174-53ce82e7698e,2014-09-12 11:15:07.263
11239,16405,NULL,10,AW00011239,9da8290e-d0e9-43fc-8410-28a5fb6ef65e,2014-09-12 11:15:07.263
11240,14359,NULL,10,AW00011240,2253d8fd-3ac6-4a72-a2a1-15f81ccafcc2,2014-09-12 11:15:07.263
11241,2436,NULL,7,AW00011241,349a059a-a808-4944-afee-f651fea92f62,2014-09-12 11:15:07.263
11242,18425,NULL,7,AW00011242,e92f25e3-6930-4045-b078-268aafae930c,2014-09-12 11:15:07.263
11243,13712,NULL,10,AW00011243,61dd71eb-c410-487f-be19-ce36803d10ae,2014-09-12 11:15:07.263
11244,12751,NULL,10,AW00011244,976a7fee-5734-46a3-ba98-9b6693942dcf,2014-09-12 11:15:07.263
11245,15603,NULL,8,AW00011245,a44d5fcd-481b-4ad6-a4a8-a2d573059048,2014-09-12 11:15:07.263
11246,6162,NULL,8,AW00011246,7d65e3a0-b584-44fb-a799-9686030dea1d,2014-09-12 11:15:07.263
11247,5863,NULL,10,AW00011247,ea369d9e-fbd4-4456-b181-7e96b46cba05,2014-09-12 11:15:07.263
11248,12887,NULL,7,AW00011248,69ba261e-37b4-478e-a899-22dc6e76b7bf,2014-09-12 11:15:07.263
11249,7289,NULL,8,AW00011249,81c88d3a-ef29-4c6e-bf5a-d867da20bb63,2014-09-12 11:15:07.263
11250,2526,NULL,10,AW00011250,679cec99-b317-41b4-a477-e94dd066c54f,2014-09-12 11:15:07.263
11251,13411,NULL,6,AW00011251,31993a75-dfcb-4cb6-b939-90c468da10f4,2014-09-12 11:15:07.263
11252,19006,NULL,4,AW00011252,0ebe6ab2-95c1-4587-9023-3d7c52b8b5b3,2014-09-12 11:15:07.263
11253,17012,NULL,6,AW00011253,86885e04-d00b-4fe2-9fea-61032f921cb0,2014-09-12 11:15:07.263
11254,15887,NULL,1,AW00011254,c3c3351b-e8b1-400f-9ab6-63cc18477045,2014-09-12 11:15:07.263
11255,13436,NULL,1,AW00011255,6ba322c4-f18d-4fab-b5ee-d6772d602209,2014-09-12 11:15:07.263
11256,10472,NULL,1,AW00011256,ecf7bdab-67f9-47a6-b509-b1b4576927c2,2014-09-12 11:15:07.263
11257,7742,NULL,4,AW00011257,e68004a3-a6fd-4e29-92c4-8c502a8a49c0,2014-09-12 11:15:07.263
11258,4422,NULL,4,AW00011258,c0ab086b-0b6e-4131-9ad4-69c356e8168d,2014-09-12 11:15:07.263
11259,19376,NULL,1,AW00011259,d8e0667e-6737-4465-a2e5-9be23d2a075f,2014-09-12 11:15:07.263
11260,7966,NULL,4,AW00011260,bf779c56-568c-4493-aa9c-8f8630a7bc95,2014-09-12 11:15:07.263
11261,9398,NULL,4,AW00011261,3e0b689e-d35c-4737-a3e4-26799f1a9a40,2014-09-12 11:15:07.263
11262,20532,NULL,6,AW00011262,8097738a-04ba-4082-97a0-6a8589ea299e,2014-09-12 11:15:07.263
11263,8473,NULL,1,AW00011263,13022941-bbb3-413e-a6aa-23c0e7c7f422,2014-09-12 11:15:07.263
11264,5022,NULL,1,AW00011264,ce2de3b3-af16-4bbc-9954-4278f85f37a8,2014-09-12 11:15:07.263
11265,11905,NULL,1,AW00011265,7716cba3-2b05-4f89-bc3b-e6191485b610,2014-09-12 11:15:07.263
11266,3560,NULL,1,AW00011266,7bc1bf27-7cbf-44b3-81d0-576b9d6bc1a6,2014-09-12 11:15:07.263
11267,6679,NULL,4,AW00011267,2de2e69b-9d13-4c76-a975-268348d29ed6,2014-09-12 11:15:07.263
11268,9972,NULL,4,AW00011268,d2f6930a-31b4-42f2-936e-b9fea5c4453f,2014-09-12 11:15:07.263
11269,6565,NULL,4,AW00011269,f6e5e82b-ccfd-4a36-83aa-360b83548198,2014-09-12 11:15:07.263
11270,17332,NULL,4,AW00011270,3d74b544-016f-4118-820e-5eddf09b4481,2014-09-12 11:15:07.263
11271,9120,NULL,4,AW00011271,86a9d2f8-40e7-4527-b745-26e8148ffdc0,2014-09-12 11:15:07.263
11272,11652,NULL,4,AW00011272,6b8b4cb6-0cbe-499e-bb32-67340b8cabb0,2014-09-12 11:15:07.263
11273,5982,NULL,4,AW00011273,08c55e52-d52f-431c-94fe-6e7d304fdbf2,2014-09-12 11:15:07.263
11274,5755,NULL,1,AW00011274,cd5ad158-6a65-4332-88ed-ccaa4b05c421,2014-09-12 11:15:07.263
11275,11516,NULL,4,AW00011275,20d36c82-5d22-436d-8d51-b89d4cb5fdd0,2014-09-12 11:15:07.263
11276,15449,NULL,6,AW00011276,519a2928-57ae-41b7-9d4c-43425654a7e7,2014-09-12 11:15:07.263
11277,4855,NULL,6,AW00011277,936be340-0161-4e2e-a12d-3db7bfdc0162,2014-09-12 11:15:07.263
11278,16067,NULL,1,AW00011278,64dff02c-caea-4008-8f4d-ed2f7a712863,2014-09-12 11:15:07.263
11279,2996,NULL,1,AW00011279,724bcfad-e4e9-443b-8dc4-baa0d9c7b645,2014-09-12 11:15:07.263
11280,15746,NULL,1,AW00011280,67ecdcd1-8ad4-4193-ad4b-6ec4734e79c4,2014-09-12 11:15:07.263
11281,19134,NULL,4,AW00011281,6ffe0a23-d1b0-48b4-bb2f-acd5fa7d5132,2014-09-12 11:15:07.263
11282,18134,NULL,1,AW00011282,f2693f9c-63fb-49bc-983c-3ec459fb56e3,2014-09-12 11:15:07.263
11283,10416,NULL,4,AW00011283,23867b28-f013-4350-944c-38d711a31b1c,2014-09-12 11:15:07.263
11284,13914,NULL,4,AW00011284,464a810f-4bb0-4200-88db-5608f7540eba,2014-09-12 11:15:07.263
11285,3992,NULL,4,AW00011285,dd403c97-79c0-43fa-9f59-0a5696b01b5a,2014-09-12 11:15:07.263
11286,6067,NULL,4,AW00011286,c670aa5a-bcd6-44c0-9ca6-a1be14811f04,2014-09-12 11:15:07.263
11287,15978,NULL,6,AW00011287,cbf89ed8-0d78-46cb-94ab-5aee93523383,2014-09-12 11:15:07.263
11288,7340,NULL,4,AW00011288,22a6d325-97f8-45aa-b7a3-5d88d4cf1fc0,2014-09-12 11:15:07.263
11289,9943,NULL,4,AW00011289,9c37a5a9-7aaf-4d9b-818a-e6d372129e50,2014-09-12 11:15:07.263
11290,9500,NULL,4,AW00011290,d94d5215-90e0-4ea1-8f23-b0bc1c9e4bb0,2014-09-12 11:15:07.263
11291,10573,NULL,4,AW00011291,f67837bb-da30-4339-be40-a656789f944e,2014-09-12 11:15:07.263
11292,4363,NULL,4,AW00011292,29c13213-e6e4-4f3c-8951-dcda9ba5782e,2014-09-12 11:15:07.263
11293,5643,NULL,1,AW00011293,c3e6f2d8-e54a-406a-95a8-a89de0b32629,2014-09-12 11:15:07.263
11294,4480,NULL,1,AW00011294,236ce15f-4ebb-49ef-9661-cb285a1ed2b6,2014-09-12 11:15:07.263
11295,12166,NULL,4,AW00011295,6d95fba6-9f9d-479a-b393-33879da918f6,2014-09-12 11:15:07.263
11296,3390,NULL,1,AW00011296,2e32f82f-f299-4157-8fcd-25b96ea1a58e,2014-09-12 11:15:07.263
11297,6090,NULL,4,AW00011297,5ede13c8-df26-4cae-aac2-bc42d827406f,2014-09-12 11:15:07.263
11298,13588,NULL,4,AW00011298,b90da729-fca7-4a07-8bc9-69614f73ce14,2014-09-12 11:15:07.263
